.github/CRONET_GO_VERSION	yes	yes
.github/workflows/build.yml	yes	no
.golangci.yml	yes	yes
Makefile	yes	yes
adapter/certificate/manager.go	yes	yes
adapter/certificate_provider.go	yes	yes
adapter/dns.go	yes	yes
adapter/endpoint.go	yes	yes
adapter/endpoint/manager.go	yes	yes
adapter/experimental.go	yes	yes
adapter/fakeip.go	yes	yes
adapter/inbound.go	yes	yes
adapter/inbound/manager.go	yes	yes
adapter/lifecycle.go	yes	yes
adapter/lifecycle_legacy.go	no	no
adapter/network.go	yes	yes
adapter/outbound.go	yes	yes
adapter/outbound/manager.go	yes	yes
adapter/platform.go	yes	yes
adapter/router.go	yes	yes
adapter/service.go	yes	yes
adapter/service/manager.go	yes	yes
box.go	yes	yes
clients/android	no	no
clients/apple	no	no
clients/desktop	no	no
cmd/internal/build_libbox/main.go	yes	yes
cmd/internal/tun_bench/main.go	no	no
cmd/sing-box/cmd_generate_tailcat.go	yes	yes
cmd/sing-box/cmd_geoip_export.go	yes	yes
common/badhttp/badhttp.go	yes	yes
common/certificate/store.go	yes	yes
common/dialer/default.go	yes	yes
common/dialer/udp_conn.go	yes	yes
common/httpclient/apple_transport_darwin.go	yes	yes
common/httpclient/apple_transport_darwin.h	yes	yes
common/httpclient/apple_transport_darwin.m	yes	yes
common/httpclient/apple_transport_darwin_test.go	yes	yes
common/httpclient/http3_transport.go	yes	yes
common/httpclient/manager.go	yes	yes
common/interrupt/group.go	yes	yes
common/ipset/set.go	yes	yes
common/ja3/parser.go	yes	yes
common/kernelports/pool.go	yes	yes
common/kernelports/pool_darwin.go	yes	yes
common/kernelports/pool_linux.go	yes	yes
common/kernelports/pool_unix.go	yes	yes
common/kernelports/pool_unix_other.go	yes	yes
common/kernelports/pool_windows.go	yes	yes
common/listener/listener.go	yes	yes
common/listener/listener_udp.go	yes	yes
common/listener/socket_buffer_bsd.go	yes	yes
common/listener/socket_buffer_other.go	yes	yes
common/netns/manager_linux.go	yes	yes
common/netns/manager_stub.go	yes	yes
common/netns/manager_test.go	yes	yes
common/process/searcher_darwin_shared.go	yes	yes
common/process/searcher_linux.go	yes	yes
common/process/searcher_windows.go	yes	yes
common/process/socket_diag_linux_test.go	yes	yes
common/sniff/dns.go	yes	yes
common/sniff/http.go	yes	yes
common/sniff/quic.go	yes	yes
common/srs/binary.go	yes	yes
common/srs/compat_test.go	yes	yes
common/srs/ip_cidr.go	yes	yes
common/srs/ip_set.go	yes	yes
common/srs/mmap.go	yes	yes
common/srs/mmap_stub.go	yes	yes
common/srs/mmap_test.go	yes	yes
common/srs/mmap_unix.go	yes	yes
common/tls/acme.go	yes	yes
common/tls/apple_client_platform.go	yes	yes
common/tls/pinned_certificate_test.go	yes	yes
common/tls/std_client.go	yes	yes
common/tls/std_server.go	yes	yes
common/tls/system_client.go	yes	yes
common/tls/system_client_engine.go	yes	yes
common/tls/utls_client.go	yes	yes
common/tls/windows_client.go	yes	yes
common/tls/windows_client_test.go	yes	yes
common/trafficcontrol/manager.go	yes	yes
common/trafficcontrol/tracker.go	yes	yes
common/urltest/urltest.go	yes	yes
constant/network.go	yes	yes
constant/os_not_tvos.go	yes	yes
constant/os_tvos.go	yes	yes
constant/proxy.go	yes	yes
constant/timeout.go	yes	yes
daemon/instance.go	yes	yes
daemon/started_service.go	yes	yes
dns/router.go	yes	yes
dns/router_race_test.go	yes	yes
dns/transport/dhcp/dhcp.go	yes	yes
dns/transport/fakeip/fakeip.go	yes	yes
dns/transport/fakeip/memory.go	yes	yes
dns/transport/fakeip/store.go	yes	yes
dns/transport/hosts/hosts.go	yes	yes
dns/transport/https.go	yes	yes
dns/transport/local/local.go	yes	yes
dns/transport/local/local_resolved.go	yes	yes
dns/transport/local/local_resolved_linux.go	yes	yes
dns/transport/local/local_shared.go	yes	yes
dns/transport/local/systemconfig/source_darwin.go	yes	yes
dns/transport/mdns/mdns.go	yes	yes
dns/transport/multiplexer_test.go	yes	yes
dns/transport/quic/http3.go	yes	yes
dns/transport/quic/quic.go	yes	yes
dns/transport/tcp.go	yes	yes
dns/transport/tls.go	yes	yes
dns/transport/udp.go	yes	yes
dns/transport_manager.go	yes	yes
docs/changelog.md	yes	yes
docs/clients/apple/index.md	yes	yes
docs/configuration/dns/rule.md	yes	yes
docs/configuration/dns/rule.zh.md	yes	yes
docs/configuration/endpoint/index.md	yes	yes
docs/configuration/endpoint/index.zh.md	yes	yes
docs/configuration/endpoint/masque-client.md	yes	yes
docs/configuration/endpoint/masque-client.zh.md	yes	yes
docs/configuration/endpoint/masque-server.md	yes	yes
docs/configuration/endpoint/masque-server.zh.md	yes	yes
docs/configuration/endpoint/openconnect.md	yes	yes
docs/configuration/endpoint/openconnect.zh.md	yes	yes
docs/configuration/endpoint/openvpn-client.md	yes	yes
docs/configuration/endpoint/openvpn-client.zh.md	yes	yes
docs/configuration/endpoint/tailscale.md	yes	yes
docs/configuration/endpoint/tailscale.zh.md	yes	yes
docs/configuration/endpoint/wireguard.md	yes	yes
docs/configuration/endpoint/wireguard.zh.md	yes	yes
docs/configuration/experimental/cache-file.md	yes	yes
docs/configuration/experimental/cache-file.zh.md	yes	yes
docs/configuration/inbound/http.md	yes	yes
docs/configuration/inbound/http.zh.md	yes	yes
docs/configuration/inbound/index.md	yes	yes
docs/configuration/inbound/index.zh.md	yes	yes
docs/configuration/inbound/tailcat.md	yes	yes
docs/configuration/inbound/tailcat.zh.md	yes	yes
docs/configuration/inbound/tun.md	yes	yes
docs/configuration/inbound/tun.zh.md	yes	yes
docs/configuration/outbound/bridge.md	yes	yes
docs/configuration/outbound/bridge.zh.md	yes	yes
docs/configuration/outbound/http.md	yes	yes
docs/configuration/outbound/http.zh.md	yes	yes
docs/configuration/outbound/index.md	yes	yes
docs/configuration/outbound/index.zh.md	yes	yes
docs/configuration/outbound/tailcat.md	yes	yes
docs/configuration/outbound/tailcat.zh.md	yes	yes
docs/configuration/outbound/wireguard.md	yes	yes
docs/configuration/outbound/wireguard.zh.md	yes	yes
docs/configuration/route/rule.md	yes	yes
docs/configuration/route/rule.zh.md	yes	yes
docs/configuration/service/derp.md	yes	yes
docs/configuration/service/derp.zh.md	yes	yes
docs/configuration/shared/http-client.md	yes	yes
docs/configuration/shared/http-client.zh.md	yes	yes
docs/configuration/shared/tls.md	yes	yes
docs/configuration/shared/tls.zh.md	yes	yes
docs/deprecated.md	yes	yes
docs/deprecated.zh.md	yes	yes
docs/installation/build-from-source.md	yes	yes
docs/installation/build-from-source.zh.md	yes	yes
docs/manual/misc/tunnelvision.md	yes	yes
docs/manual/proxy/client.md	yes	yes
docs/migration.md	yes	yes
docs/migration.zh.md	yes	yes
docs/schema.json	yes	yes
experimental/boxdd/platform_linux.go	yes	yes
experimental/boxdd/platform_windows.go	yes	yes
experimental/cachefile/cache.go	yes	yes
experimental/cachefile/dns_cache.go	yes	yes
experimental/cachefile/fakeip.go	yes	yes
experimental/cachefile/pending.go	yes	yes
experimental/cachefile/rdrc.go	yes	yes
experimental/clashapi/connections.go	yes	yes
experimental/clashapi/proxies.go	yes	yes
experimental/clashapi/server.go	yes	yes
experimental/clashmode/manager.go	yes	yes
experimental/deprecated/constants.go	yes	yes
experimental/libbox/command_server.go	yes	yes
experimental/libbox/config.go	yes	yes
experimental/libbox/connection_owner_darwin.go	yes	yes
experimental/libbox/dns.go	yes	yes
experimental/libbox/ffi.json	no	no
experimental/libbox/http.go	yes	yes
experimental/libbox/monitor.go	yes	yes
experimental/libbox/oom_report.go	yes	yes
experimental/libbox/platform.go	yes	yes
experimental/libbox/redirect.go	yes	yes
experimental/libbox/redirect_linux.go	yes	yes
experimental/libbox/redirect_stub.go	yes	yes
experimental/libbox/service.go	yes	yes
experimental/libbox/setup.go	yes	yes
experimental/v2rayapi/server.go	yes	yes
go.mod	yes	yes
go.sum	yes	yes
include/openconnect_stub.go	yes	yes
include/openvpn_stub.go	yes	yes
include/quic.go	yes	yes
include/registry.go	yes	yes
include/tailscale.go	yes	yes
include/tailscale_stub.go	yes	yes
mkdocs.yml	yes	yes
option/acme.go	yes	yes
option/experimental.go	yes	yes
option/http.go	yes	yes
option/hysteria.go	yes	yes
option/hysteria2.go	yes	yes
option/masque.go	yes	yes
option/openconnect.go	yes	yes
option/openvpn.go	yes	yes
option/route.go	yes	yes
option/rule.go	yes	yes
option/rule_dns.go	yes	yes
option/rule_set.go	yes	yes
option/simple.go	yes	yes
option/ssh.go	yes	yes
option/tailcat.go	yes	yes
option/tailscale.go	yes	yes
option/tls.go	yes	yes
option/tun.go	yes	yes
option/types.go	yes	yes
option/wireguard.go	yes	yes
protocol/anytls/client_metadata.go	no	no
protocol/anytls/inbound.go	yes	yes
protocol/anytls/outbound.go	yes	yes
protocol/bridge/backend.go	yes	yes
protocol/bridge/backend_darwin.go	yes	yes
protocol/bridge/backend_linux.go	yes	yes
protocol/bridge/backend_windows.go	yes	yes
protocol/bridge/netfilter_linux.go	yes	yes
protocol/bridge/outbound.go	yes	yes
protocol/bridge/packet.go	yes	yes
protocol/bridge/reservation_windows.go	no	no
protocol/bridge/service_linux.go	yes	yes
protocol/cloudflare/inbound.go	yes	yes
protocol/direct/inbound.go	yes	yes
protocol/direct/outbound.go	yes	yes
protocol/group/selector.go	yes	yes
protocol/group/urltest.go	yes	yes
protocol/http/inbound.go	yes	yes
protocol/http/outbound.go	yes	yes
protocol/http/quic/inbound_init.go	no	no
protocol/hysteria/inbound.go	yes	yes
protocol/hysteria/outbound.go	yes	yes
protocol/hysteria2/inbound.go	yes	yes
protocol/hysteria2/outbound.go	yes	yes
protocol/hysteria2/realm.go	yes	yes
protocol/masque/client.go	yes	yes
protocol/masque/endpoint.go	yes	yes
protocol/masque/server.go	yes	yes
protocol/mixed/inbound.go	yes	yes
protocol/naive/inbound.go	yes	yes
protocol/naive/outbound.go	yes	yes
protocol/openconnect/client.go	yes	yes
protocol/openconnect/dns_transport.go	yes	yes
protocol/openconnect/endpoint.go	yes	yes
protocol/openconnect/status.go	yes	yes
protocol/openvpn/client.go	yes	yes
protocol/openvpn/dns_transport.go	yes	yes
protocol/openvpn/endpoint.go	yes	yes
protocol/openvpn/server.go	yes	yes
protocol/openvpn/status.go	yes	yes
protocol/redirect/redirect.go	yes	yes
protocol/redirect/tproxy.go	yes	yes
protocol/shadowsocks/inbound.go	yes	yes
protocol/shadowsocks/inbound_multi.go	yes	yes
protocol/shadowsocks/inbound_relay.go	yes	yes
protocol/shadowsocks/outbound.go	yes	yes
protocol/shadowtls/inbound.go	yes	yes
protocol/snell/inbound.go	yes	yes
protocol/snell/outbound.go	yes	yes
protocol/socks/inbound.go	yes	yes
protocol/ssh/outbound.go	yes	yes
protocol/tailscale/certificate.go	yes	yes
protocol/tailscale/certificate_provider.go	yes	yes
protocol/tailscale/dns_transport.go	yes	yes
protocol/tailscale/endpoint.go	yes	yes
protocol/tailscale/hostinfo_tvos.go	yes	yes
protocol/tailscale/ping.go	yes	yes
protocol/tailscale/port.go	yes	yes
protocol/tailscale/status.go	yes	yes
protocol/tailscale/system_binding.go	yes	yes
protocol/tailscale/tailcat_derp.go	yes	yes
protocol/tailscale/tailcat_disco.go	yes	yes
protocol/tailscale/tailcat_inbound.go	yes	yes
protocol/tailscale/tailcat_key.go	yes	yes
protocol/tailscale/tailcat_node.go	yes	yes
protocol/tailscale/tailcat_outbound.go	yes	yes
protocol/tailscale/taildrop.go	yes	yes
protocol/tailscale/taildrop_send.go	yes	yes
protocol/tailscale/tailssh/recording.go	yes	yes
protocol/tailscale/tailssh/server.go	yes	yes
protocol/tailscale/tailssh/server_helper_unix.go	yes	yes
protocol/tailscale/tailssh/server_helper_windows.go	yes	yes
protocol/tailscale/tailssh/session.go	yes	yes
protocol/tailscale/tailssh/session_android.go	yes	yes
protocol/tailscale/tailssh/session_ios.go	yes	yes
protocol/tailscale/tailssh/session_platform.go	yes	yes
protocol/tailscale/tailssh/session_unix.go	yes	yes
protocol/tailscale/tailssh/session_windows.go	yes	yes
protocol/tailscale/tailssh/user.go	yes	yes
protocol/tailscale/tailssh/user_android.go	yes	yes
protocol/tailscale/tailssh/user_unix.go	yes	yes
protocol/tailscale/tailssh/user_windows.go	yes	yes
protocol/tailscale/tun_device_unix.go	yes	yes
protocol/tailscale/tun_device_windows.go	yes	yes
protocol/tor/outbound.go	yes	yes
protocol/trojan/inbound.go	yes	yes
protocol/trojan/outbound.go	yes	yes
protocol/tuic/inbound.go	yes	yes
protocol/tuic/outbound.go	yes	yes
protocol/tun/inbound.go	yes	yes
protocol/tun/redirect_platform_linux.go	yes	yes
protocol/tun/redirect_platform_other.go	yes	yes
protocol/vless/inbound.go	yes	yes
protocol/vless/outbound.go	yes	yes
protocol/vmess/inbound.go	yes	yes
protocol/vmess/outbound.go	yes	yes
protocol/wireguard/endpoint.go	yes	yes
release/DEFAULT_BUILD_TAGS	yes	yes
release/DEFAULT_BUILD_TAGS_OTHERS	yes	yes
release/DEFAULT_BUILD_TAGS_WINDOWS	yes	yes
route/conn.go	yes	yes
route/flow_tracker.go	yes	yes
route/network.go	yes	yes
route/process_cache.go	yes	yes
route/reference.go	yes	yes
route/route.go	yes	yes
route/router.go	yes	yes
route/rule/rule_default.go	yes	yes
route/rule/rule_dns.go	yes	yes
route/rule/rule_item_cidr.go	yes	yes
route/rule/rule_item_dns_search_domain.go	yes	yes
route/rule/rule_item_dns_server_address.go	yes	yes
route/rule/rule_item_package_name.go	yes	yes
route/rule/rule_item_package_name_regex.go	yes	yes
route/rule/rule_item_process_name.go	yes	yes
route/rule/rule_item_process_path.go	yes	yes
route/rule/rule_item_process_path_regex.go	yes	yes
route/rule/rule_item_rule_set_test.go	yes	yes
route/rule/rule_set.go	yes	yes
route/rule/rule_set_local.go	yes	yes
route/rule/rule_set_mmap_ios.go	yes	yes
route/rule/rule_set_mmap_stub.go	yes	yes
route/rule/rule_set_remote.go	yes	yes
route/rule/rule_set_semantics_test.go	yes	yes
route/rule/rule_set_update_validation_test.go	yes	yes
route/splice.go	yes	yes
schema/generator.go	yes	yes
schema/schema.go	yes	yes
service/acme/service.go	yes	yes
service/api/dashboard.go	yes	yes
service/api/server.go	yes	yes
service/ccm/service.go	yes	yes
service/derp/service.go	yes	yes
service/ocm/service.go	yes	yes
service/oomkiller/promote.go	yes	yes
service/oomkiller/recorder.go	yes	yes
service/oomkiller/service.go	yes	yes
service/oomkiller/service_darwin.go	yes	yes
service/oomkiller/service_stub.go	yes	yes
service/oomkiller/timer.go	yes	yes
service/oomkiller/timer_darwin.go	yes	yes
service/origin_ca/service.go	yes	yes
service/powerreport/record.go	yes	yes
service/powerreport/recorder.go	yes	yes
service/resolved/resolve1.go	yes	yes
service/resolved/service.go	yes	yes
service/resolved/transport.go	yes	yes
service/ssmapi/api.go	yes	yes
service/ssmapi/server.go	yes	yes
service/usbip/client.go	yes	yes
service/usbip/server.go	yes	yes
test/clash_test.go	yes	yes
test/endpoint_udp_nat_test.go	yes	yes
test/go.mod	yes	yes
test/go.sum	yes	yes
test/http_forward_test.go	yes	yes
test/http_h2_test.go	yes	yes
test/http_h3_test.go	yes	yes
test/http_json_test.go	yes	yes
test/http_udp_test.go	yes	yes
test/masque_test.go	yes	yes
test/openconnect_test.go	yes	yes
test/tailcat_test.go	yes	yes
test/wireguard_test.go	yes	yes
test/wrapper_test.go	yes	yes
transport/device/device.go	yes	yes
transport/device/stack.go	yes	yes
transport/device/system.go	yes	yes
transport/device/system_stack.go	yes	yes
transport/http/capsule.go	yes	yes
transport/http/client.go	yes	yes
transport/http/client_h2.go	yes	yes
transport/http/client_h2_legacy.go	yes	yes
transport/http/client_h2_wrap.go	yes	yes
transport/http/client_h3.go	yes	yes
transport/http/connect_udp.go	yes	yes
transport/http/extended_connect.go	no	no
transport/http/extended_connect_wrap_badlinkname.go	yes	yes
transport/http/extended_connect_wrap_stub.go	yes	yes
transport/http/forward.go	yes	yes
transport/http/header.go	yes	yes
transport/http/reader.go	yes	yes
transport/http/server.go	yes	yes
transport/http/server_conn.go	yes	yes
transport/http/server_h2.go	yes	yes
transport/http/stream_conn.go	yes	yes
transport/http/tunnel_client.go	yes	yes
transport/http/tunnel_server.go	yes	yes
transport/masque/capsule.go	yes	yes
transport/masque/client.go	yes	yes
transport/masque/icmp.go	yes	yes
transport/masque/pool.go	yes	yes
transport/masque/server.go	yes	yes
transport/masque/session.go	yes	yes
transport/masque/template.go	yes	yes
transport/openconnect/configuration.go	yes	yes
transport/openconnect/device.go	no	no
transport/openconnect/device_stack.go	no	no
transport/openconnect/device_stack_stub.go	no	no
transport/openconnect/device_system.go	no	no
transport/openconnect/device_system_stack.go	no	no
transport/openvpn/configuration.go	yes	yes
transport/openvpn/device.go	no	no
transport/openvpn/device_stack.go	no	no
transport/openvpn/device_stack_stub.go	no	no
transport/openvpn/device_system.go	no	no
transport/openvpn/device_system_stack.go	no	no
transport/trojan/mux.go	yes	yes
transport/v2raygrpclite/conn.go	yes	yes
transport/v2raygrpclite/server.go	yes	yes
transport/v2rayhttp/client.go	yes	yes
transport/v2rayhttp/force_close_go127.go	yes	yes
transport/v2rayhttp/force_close_go127_stub.go	yes	yes
transport/v2rayhttp/force_close_legacy.go	yes	yes
transport/v2rayhttp/server.go	yes	yes
transport/v2rayhttpupgrade/client.go	yes	yes
transport/v2rayhttpupgrade/server.go	yes	yes
transport/v2raywebsocket/client.go	yes	yes
transport/v2raywebsocket/conn.go	yes	yes
transport/v2raywebsocket/server.go	yes	yes
transport/wireguard/device.go	yes	yes
transport/wireguard/device_peer_router.go	yes	yes
transport/wireguard/device_stack.go	yes	yes
transport/wireguard/device_stack_gonet.go	no	no
transport/wireguard/device_stack_stub.go	no	no
transport/wireguard/device_system.go	yes	yes
transport/wireguard/device_system_stack.go	yes	yes
transport/wireguard/endpoint.go	yes	yes
transport/wireguard/port.go	yes	yes
