6e3c86f518166f81fa330f6195b6a803bb1110e8	constant/os_not_tvos.go	3	3	0	0
6e3c86f518166f81fa330f6195b6a803bb1110e8	constant/os_tvos.go	3	3	0	0
6e3c86f518166f81fa330f6195b6a803bb1110e8	experimental/libbox/command_server.go	22	12	33	6
6e3c86f518166f81fa330f6195b6a803bb1110e8	service/powerreport/record.go	2	2	0	0
6e3c86f518166f81fa330f6195b6a803bb1110e8	service/powerreport/recorder.go	7	7	0	0
f95aa6ac11d0dad8d83529ddbd25e578ed5733eb	go.mod	6	0	6	0
f95aa6ac11d0dad8d83529ddbd25e578ed5733eb	go.sum	12	0	12	0
79fc394d671c3b9077d108c28fd39156b13fc6b4	docs/clients/apple/index.md	1	1	3	0
a0d775ea6610fe1f7da842762cddb6376792cc81	go.mod	1	0	1	0
a0d775ea6610fe1f7da842762cddb6376792cc81	go.sum	2	0	2	0
52f9bad034d291fc16869a396bf812508d50ecd6	common/ja3/parser.go	13	13	5	0
52f9bad034d291fc16869a396bf812508d50ecd6	common/sniff/quic.go	4	4	1	0
52f9bad034d291fc16869a396bf812508d50ecd6	dns/transport/fakeip/fakeip.go	5	5	1	0
52f9bad034d291fc16869a396bf812508d50ecd6	go.mod	10	4	10	0
52f9bad034d291fc16869a396bf812508d50ecd6	go.sum	20	8	20	0
52f9bad034d291fc16869a396bf812508d50ecd6	protocol/bridge/packet.go	7	7	0	0
52f9bad034d291fc16869a396bf812508d50ecd6	protocol/naive/inbound.go	14	4	1	0
52f9bad034d291fc16869a396bf812508d50ecd6	protocol/shadowsocks/inbound_multi.go	21	21	9	0
52f9bad034d291fc16869a396bf812508d50ecd6	protocol/tailscale/dns_transport.go	8	8	2	0
52f9bad034d291fc16869a396bf812508d50ecd6	protocol/tailscale/taildrop.go	1	1	1	0
52f9bad034d291fc16869a396bf812508d50ecd6	protocol/tailscale/taildrop_send.go	2	2	2	0
52f9bad034d291fc16869a396bf812508d50ecd6	protocol/tailscale/tailssh/server.go	3	3	0	0
52f9bad034d291fc16869a396bf812508d50ecd6	route/route.go	0	0	1	0
52f9bad034d291fc16869a396bf812508d50ecd6	transport/openconnect/device_system_stack.go	6	0	0	0
52f9bad034d291fc16869a396bf812508d50ecd6	transport/openvpn/device_system_stack.go	6	0	0	0
52f9bad034d291fc16869a396bf812508d50ecd6	transport/trojan/mux.go	2	2	1	0
52f9bad034d291fc16869a396bf812508d50ecd6	transport/v2raygrpclite/conn.go	7	7	8	0
52f9bad034d291fc16869a396bf812508d50ecd6	transport/v2rayhttp/server.go	8	8	0	0
52f9bad034d291fc16869a396bf812508d50ecd6	transport/v2rayhttpupgrade/client.go	2	2	1	0
52f9bad034d291fc16869a396bf812508d50ecd6	transport/v2rayhttpupgrade/server.go	14	14	1	0
52f9bad034d291fc16869a396bf812508d50ecd6	transport/v2raywebsocket/client.go	4	4	2	0
52f9bad034d291fc16869a396bf812508d50ecd6	transport/v2raywebsocket/conn.go	7	7	5	2
bff5acf292d8ce6109321065586c7e8551e89ca3	common/dialer/default.go	9	9	0	0
bff5acf292d8ce6109321065586c7e8551e89ca3	common/dialer/udp_conn.go	44	44	0	0
bff5acf292d8ce6109321065586c7e8551e89ca3	go.mod	3	1	3	0
bff5acf292d8ce6109321065586c7e8551e89ca3	go.sum	6	0	6	0
a364ff4794f0f8715ff26b11dc52402771415525	adapter/certificate/manager.go	4	0	51	19
a364ff4794f0f8715ff26b11dc52402771415525	adapter/certificate_provider.go	0	0	1	0
a364ff4794f0f8715ff26b11dc52402771415525	adapter/dns.go	0	0	1	0
a364ff4794f0f8715ff26b11dc52402771415525	adapter/endpoint.go	0	0	1	0
a364ff4794f0f8715ff26b11dc52402771415525	adapter/endpoint/manager.go	4	0	50	19
a364ff4794f0f8715ff26b11dc52402771415525	adapter/inbound.go	0	0	1	0
a364ff4794f0f8715ff26b11dc52402771415525	adapter/inbound/manager.go	4	0	50	19
a364ff4794f0f8715ff26b11dc52402771415525	adapter/lifecycle_legacy.go	0	0	46	0
a364ff4794f0f8715ff26b11dc52402771415525	adapter/outbound.go	0	0	1	0
a364ff4794f0f8715ff26b11dc52402771415525	adapter/outbound/manager.go	8	2	78	30
a364ff4794f0f8715ff26b11dc52402771415525	adapter/service.go	0	0	1	0
a364ff4794f0f8715ff26b11dc52402771415525	adapter/service/manager.go	4	0	50	19
a364ff4794f0f8715ff26b11dc52402771415525	box.go	19	16	2	0
a364ff4794f0f8715ff26b11dc52402771415525	common/tls/std_server.go	1	0	1	0
a364ff4794f0f8715ff26b11dc52402771415525	dns/router_race_test.go	0	0	3	2
a364ff4794f0f8715ff26b11dc52402771415525	dns/transport_manager.go	4	0	79	31
a364ff4794f0f8715ff26b11dc52402771415525	protocol/group/urltest.go	17	13	16	12
a364ff4794f0f8715ff26b11dc52402771415525	route/rule/rule_item_rule_set_test.go	0	0	1	0
a691a4402375535f0329eb9026ab904cfdc1b2eb	adapter/certificate/manager.go	4	4	44	11
a691a4402375535f0329eb9026ab904cfdc1b2eb	adapter/endpoint.go	1	1	0	0
a691a4402375535f0329eb9026ab904cfdc1b2eb	adapter/endpoint/manager.go	9	9	39	7
a691a4402375535f0329eb9026ab904cfdc1b2eb	adapter/inbound/manager.go	4	4	40	11
a691a4402375535f0329eb9026ab904cfdc1b2eb	adapter/lifecycle.go	72	72	45	17
a691a4402375535f0329eb9026ab904cfdc1b2eb	adapter/outbound/manager.go	21	21	69	17
a691a4402375535f0329eb9026ab904cfdc1b2eb	adapter/service/manager.go	4	4	40	11
a691a4402375535f0329eb9026ab904cfdc1b2eb	box.go	93	92	121	38
a691a4402375535f0329eb9026ab904cfdc1b2eb	common/certificate/store.go	41	41	31	12
a691a4402375535f0329eb9026ab904cfdc1b2eb	common/httpclient/manager.go	3	3	5	2
a691a4402375535f0329eb9026ab904cfdc1b2eb	common/listener/listener.go	3	3	3	1
a691a4402375535f0329eb9026ab904cfdc1b2eb	common/netns/manager_linux.go	10	10	15	7
a691a4402375535f0329eb9026ab904cfdc1b2eb	common/netns/manager_stub.go	1	1	4	2
a691a4402375535f0329eb9026ab904cfdc1b2eb	common/netns/manager_test.go	5	5	3	0
a691a4402375535f0329eb9026ab904cfdc1b2eb	common/tls/acme.go	6	6	1	0
a691a4402375535f0329eb9026ab904cfdc1b2eb	common/tls/std_server.go	10	10	3	1
a691a4402375535f0329eb9026ab904cfdc1b2eb	common/trafficcontrol/manager.go	7	7	12	4
a691a4402375535f0329eb9026ab904cfdc1b2eb	dns/router.go	10	10	14	12
a691a4402375535f0329eb9026ab904cfdc1b2eb	dns/router_race_test.go	2	2	8	4
a691a4402375535f0329eb9026ab904cfdc1b2eb	dns/transport/dhcp/dhcp.go	29	29	44	16
a691a4402375535f0329eb9026ab904cfdc1b2eb	dns/transport/fakeip/fakeip.go	7	7	5	1
a691a4402375535f0329eb9026ab904cfdc1b2eb	dns/transport/hosts/hosts.go	1	1	4	2
a691a4402375535f0329eb9026ab904cfdc1b2eb	dns/transport/https.go	5	5	5	3
a691a4402375535f0329eb9026ab904cfdc1b2eb	dns/transport/local/local.go	18	18	11	6
a691a4402375535f0329eb9026ab904cfdc1b2eb	dns/transport/local/local_resolved_linux.go	39	36	60	26
a691a4402375535f0329eb9026ab904cfdc1b2eb	dns/transport/local/local_shared.go	10	10	15	3
a691a4402375535f0329eb9026ab904cfdc1b2eb	dns/transport/mdns/mdns.go	3	3	6	3
a691a4402375535f0329eb9026ab904cfdc1b2eb	dns/transport/multiplexer_test.go	12	11	5	0
a691a4402375535f0329eb9026ab904cfdc1b2eb	dns/transport/quic/http3.go	6	6	6	4
a691a4402375535f0329eb9026ab904cfdc1b2eb	dns/transport/quic/quic.go	2	2	4	1
a691a4402375535f0329eb9026ab904cfdc1b2eb	dns/transport/tcp.go	2	2	4	1
a691a4402375535f0329eb9026ab904cfdc1b2eb	dns/transport/tls.go	2	2	4	1
a691a4402375535f0329eb9026ab904cfdc1b2eb	dns/transport/udp.go	2	2	4	1
a691a4402375535f0329eb9026ab904cfdc1b2eb	dns/transport_manager.go	11	11	49	15
a691a4402375535f0329eb9026ab904cfdc1b2eb	experimental/cachefile/cache.go	8	8	11	4
a691a4402375535f0329eb9026ab904cfdc1b2eb	experimental/clashapi/server.go	2	2	7	2
a691a4402375535f0329eb9026ab904cfdc1b2eb	experimental/clashmode/manager.go	1	1	4	2
a691a4402375535f0329eb9026ab904cfdc1b2eb	experimental/libbox/dns.go	1	1	4	2
a691a4402375535f0329eb9026ab904cfdc1b2eb	experimental/libbox/http.go	13	13	6	0
a691a4402375535f0329eb9026ab904cfdc1b2eb	experimental/v2rayapi/server.go	19	19	25	16
a691a4402375535f0329eb9026ab904cfdc1b2eb	go.mod	1	1	1	0
a691a4402375535f0329eb9026ab904cfdc1b2eb	go.sum	2	2	2	0
a691a4402375535f0329eb9026ab904cfdc1b2eb	protocol/anytls/inbound.go	8	8	5	1
a691a4402375535f0329eb9026ab904cfdc1b2eb	protocol/anytls/outbound.go	2	2	6	2
a691a4402375535f0329eb9026ab904cfdc1b2eb	protocol/bridge/backend.go	12	12	18	3
a691a4402375535f0329eb9026ab904cfdc1b2eb	protocol/bridge/backend_darwin.go	45	44	57	21
a691a4402375535f0329eb9026ab904cfdc1b2eb	protocol/bridge/backend_linux.go	68	65	60	22
a691a4402375535f0329eb9026ab904cfdc1b2eb	protocol/bridge/backend_windows.go	23	21	31	13
a691a4402375535f0329eb9026ab904cfdc1b2eb	protocol/bridge/outbound.go	2	2	5	1
a691a4402375535f0329eb9026ab904cfdc1b2eb	protocol/cloudflare/inbound.go	7	7	5	1
a691a4402375535f0329eb9026ab904cfdc1b2eb	protocol/direct/inbound.go	7	7	5	1
a691a4402375535f0329eb9026ab904cfdc1b2eb	protocol/direct/outbound.go	5	5	7	4
a691a4402375535f0329eb9026ab904cfdc1b2eb	protocol/group/selector.go	4	4	1	0
a691a4402375535f0329eb9026ab904cfdc1b2eb	protocol/group/urltest.go	2	1	6	4
a691a4402375535f0329eb9026ab904cfdc1b2eb	protocol/http/inbound.go	8	8	8	2
a691a4402375535f0329eb9026ab904cfdc1b2eb	protocol/hysteria/inbound.go	9	9	9	2
a691a4402375535f0329eb9026ab904cfdc1b2eb	protocol/hysteria/outbound.go	8	8	2	1
a691a4402375535f0329eb9026ab904cfdc1b2eb	protocol/hysteria2/inbound.go	9	9	9	2
a691a4402375535f0329eb9026ab904cfdc1b2eb	protocol/hysteria2/outbound.go	8	8	2	1
a691a4402375535f0329eb9026ab904cfdc1b2eb	protocol/hysteria2/realm.go	15	15	10	3
a691a4402375535f0329eb9026ab904cfdc1b2eb	protocol/mixed/inbound.go	8	8	8	2
a691a4402375535f0329eb9026ab904cfdc1b2eb	protocol/naive/inbound.go	5	5	11	9
a691a4402375535f0329eb9026ab904cfdc1b2eb	protocol/naive/outbound.go	2	2	4	1
a691a4402375535f0329eb9026ab904cfdc1b2eb	protocol/openconnect/client.go	64	62	64	22
a691a4402375535f0329eb9026ab904cfdc1b2eb	protocol/openconnect/dns_transport.go	40	39	40	18
a691a4402375535f0329eb9026ab904cfdc1b2eb	protocol/openconnect/status.go	5	5	6	0
a691a4402375535f0329eb9026ab904cfdc1b2eb	protocol/openvpn/client.go	60	58	56	21
a691a4402375535f0329eb9026ab904cfdc1b2eb	protocol/openvpn/dns_transport.go	50	50	45	19
a691a4402375535f0329eb9026ab904cfdc1b2eb	protocol/openvpn/server.go	27	26	36	7
a691a4402375535f0329eb9026ab904cfdc1b2eb	protocol/openvpn/status.go	3	3	3	0
a691a4402375535f0329eb9026ab904cfdc1b2eb	protocol/redirect/redirect.go	7	7	5	1
a691a4402375535f0329eb9026ab904cfdc1b2eb	protocol/redirect/tproxy.go	5	5	7	2
a691a4402375535f0329eb9026ab904cfdc1b2eb	protocol/shadowsocks/inbound.go	7	7	5	1
a691a4402375535f0329eb9026ab904cfdc1b2eb	protocol/shadowsocks/inbound_multi.go	7	7	5	1
a691a4402375535f0329eb9026ab904cfdc1b2eb	protocol/shadowsocks/inbound_relay.go	7	7	5	1
a691a4402375535f0329eb9026ab904cfdc1b2eb	protocol/shadowsocks/outbound.go	8	8	2	0
a691a4402375535f0329eb9026ab904cfdc1b2eb	protocol/shadowtls/inbound.go	7	7	5	1
a691a4402375535f0329eb9026ab904cfdc1b2eb	protocol/snell/inbound.go	7	7	5	1
a691a4402375535f0329eb9026ab904cfdc1b2eb	protocol/snell/outbound.go	6	6	2	0
a691a4402375535f0329eb9026ab904cfdc1b2eb	protocol/socks/inbound.go	7	7	5	1
a691a4402375535f0329eb9026ab904cfdc1b2eb	protocol/ssh/outbound.go	8	8	2	1
a691a4402375535f0329eb9026ab904cfdc1b2eb	protocol/tailscale/certificate_provider.go	1	1	4	2
a691a4402375535f0329eb9026ab904cfdc1b2eb	protocol/tailscale/dns_transport.go	49	49	30	12
a691a4402375535f0329eb9026ab904cfdc1b2eb	protocol/tailscale/endpoint.go	59	45	67	14
a691a4402375535f0329eb9026ab904cfdc1b2eb	protocol/tor/outbound.go	10	10	21	9
a691a4402375535f0329eb9026ab904cfdc1b2eb	protocol/trojan/inbound.go	10	10	9	2
a691a4402375535f0329eb9026ab904cfdc1b2eb	protocol/trojan/outbound.go	11	11	2	0
a691a4402375535f0329eb9026ab904cfdc1b2eb	protocol/tuic/inbound.go	9	9	9	2
a691a4402375535f0329eb9026ab904cfdc1b2eb	protocol/tuic/outbound.go	8	8	2	1
a691a4402375535f0329eb9026ab904cfdc1b2eb	protocol/tun/inbound.go	38	13	37	22
a691a4402375535f0329eb9026ab904cfdc1b2eb	protocol/vless/inbound.go	10	10	10	2
a691a4402375535f0329eb9026ab904cfdc1b2eb	protocol/vless/outbound.go	11	11	2	0
a691a4402375535f0329eb9026ab904cfdc1b2eb	protocol/vmess/inbound.go	11	11	10	2
a691a4402375535f0329eb9026ab904cfdc1b2eb	protocol/vmess/outbound.go	11	11	2	0
a691a4402375535f0329eb9026ab904cfdc1b2eb	protocol/wireguard/endpoint.go	9	9	7	4
a691a4402375535f0329eb9026ab904cfdc1b2eb	route/conn.go	8	8	5	4
a691a4402375535f0329eb9026ab904cfdc1b2eb	route/network.go	25	21	62	27
a691a4402375535f0329eb9026ab904cfdc1b2eb	route/reference.go	2	2	7	3
a691a4402375535f0329eb9026ab904cfdc1b2eb	route/router.go	11	11	43	21
a691a4402375535f0329eb9026ab904cfdc1b2eb	route/rule/rule_item_rule_set_test.go	1	1	2	0
a691a4402375535f0329eb9026ab904cfdc1b2eb	service/acme/service.go	5	5	9	3
a691a4402375535f0329eb9026ab904cfdc1b2eb	service/api/dashboard.go	5	5	9	0
a691a4402375535f0329eb9026ab904cfdc1b2eb	service/api/server.go	27	27	43	7
a691a4402375535f0329eb9026ab904cfdc1b2eb	service/ccm/service.go	16	15	19	9
a691a4402375535f0329eb9026ab904cfdc1b2eb	service/derp/service.go	3	3	8	6
a691a4402375535f0329eb9026ab904cfdc1b2eb	service/ocm/service.go	23	23	24	13
a691a4402375535f0329eb9026ab904cfdc1b2eb	service/oomkiller/service.go	1	0	4	4
a691a4402375535f0329eb9026ab904cfdc1b2eb	service/oomkiller/service_darwin.go	19	10	18	7
a691a4402375535f0329eb9026ab904cfdc1b2eb	service/oomkiller/service_stub.go	9	9	5	2
a691a4402375535f0329eb9026ab904cfdc1b2eb	service/origin_ca/service.go	22	22	29	3
a691a4402375535f0329eb9026ab904cfdc1b2eb	service/resolved/service.go	24	24	26	3
a691a4402375535f0329eb9026ab904cfdc1b2eb	service/resolved/transport.go	21	21	18	11
a691a4402375535f0329eb9026ab904cfdc1b2eb	service/ssmapi/server.go	17	17	27	8
a691a4402375535f0329eb9026ab904cfdc1b2eb	service/usbip/client.go	7	7	5	1
a691a4402375535f0329eb9026ab904cfdc1b2eb	service/usbip/server.go	7	7	5	1
f9fcb8964f0b66e92a06f777d2ca59ce0e8949ee	service/ccm/service.go	11	11	11	9
f9fcb8964f0b66e92a06f777d2ca59ce0e8949ee	service/ocm/service.go	11	11	11	10
f9fcb8964f0b66e92a06f777d2ca59ce0e8949ee	service/ssmapi/server.go	12	12	11	10
02537831e1883a449d0c1b1511e9889740d62e80	protocol/bridge/backend.go	12	11	6	5
02537831e1883a449d0c1b1511e9889740d62e80	protocol/bridge/backend_darwin.go	7	7	10	5
02537831e1883a449d0c1b1511e9889740d62e80	protocol/bridge/backend_linux.go	8	7	11	6
02537831e1883a449d0c1b1511e9889740d62e80	protocol/bridge/backend_windows.go	2	2	8	5
02537831e1883a449d0c1b1511e9889740d62e80	protocol/tun/inbound.go	28	11	23	11
67fb235ee802bc852302c02937936ea5e37ab557	.github/workflows/build.yml	1	0	0	0
67fb235ee802bc852302c02937936ea5e37ab557	Makefile	1	0	0	0
67fb235ee802bc852302c02937936ea5e37ab557	docs/clients/apple/index.md	4	1	2	2
80c11714105b3771d5ca9c26d7cd0f50c47d196d	protocol/tailscale/tailssh/server.go	23	21	20	10
194ebd18b64b673dc0d5da1f3acd26fb3a0a0cd6	docs/configuration/inbound/tun.md	2	0	1	1
194ebd18b64b673dc0d5da1f3acd26fb3a0a0cd6	docs/configuration/inbound/tun.zh.md	2	0	1	1
194ebd18b64b673dc0d5da1f3acd26fb3a0a0cd6	go.mod	1	0	1	0
194ebd18b64b673dc0d5da1f3acd26fb3a0a0cd6	go.sum	2	0	2	0
1a773a425a8ee45a11cbfb2c4333b330e593b6c8	.github/workflows/build.yml	1	0	1	0
78d44d52d9599770bf2b30351982a7339aa86481	dns/transport/local/systemconfig/source_darwin.go	17	2	253	253
78d44d52d9599770bf2b30351982a7339aa86481	experimental/libbox/monitor.go	65	22	3	3
78d44d52d9599770bf2b30351982a7339aa86481	go.mod	1	0	1	0
78d44d52d9599770bf2b30351982a7339aa86481	go.sum	2	0	2	0
7054cac5124465ffdb145870d7c01885566711b1	clients/android	1	0	1	0
7054cac5124465ffdb145870d7c01885566711b1	clients/apple	1	0	1	0
7054cac5124465ffdb145870d7c01885566711b1	clients/desktop	1	0	1	0
7054cac5124465ffdb145870d7c01885566711b1	docs/changelog.md	2	1	0	0
9da9678bae2966ebd18edbe8a99ceed97c3cddcf	common/httpclient/apple_transport_darwin_test.go	2	2	2	0
9da9678bae2966ebd18edbe8a99ceed97c3cddcf	docs/schema.json	114	114	303	303
9da9678bae2966ebd18edbe8a99ceed97c3cddcf	option/acme.go	5	5	5	0
9da9678bae2966ebd18edbe8a99ceed97c3cddcf	option/hysteria.go	1	1	1	0
9da9678bae2966ebd18edbe8a99ceed97c3cddcf	option/hysteria2.go	9	9	9	0
9da9678bae2966ebd18edbe8a99ceed97c3cddcf	option/openvpn.go	20	20	20	3
9da9678bae2966ebd18edbe8a99ceed97c3cddcf	option/route.go	1	1	1	0
9da9678bae2966ebd18edbe8a99ceed97c3cddcf	option/ssh.go	1	1	1	0
9da9678bae2966ebd18edbe8a99ceed97c3cddcf	option/tailscale.go	1	1	1	0
9da9678bae2966ebd18edbe8a99ceed97c3cddcf	option/tls.go	48	48	48	0
9da9678bae2966ebd18edbe8a99ceed97c3cddcf	option/types.go	14	14	0	0
9da9678bae2966ebd18edbe8a99ceed97c3cddcf	option/wireguard.go	7	7	7	0
3f7f7eb3c09df48671598213a6fa1f76049066ac	adapter/platform.go	14	14	0	0
3f7f7eb3c09df48671598213a6fa1f76049066ac	common/srs/binary.go	4	4	4	0
3f7f7eb3c09df48671598213a6fa1f76049066ac	common/srs/compat_test.go	2	2	2	0
3f7f7eb3c09df48671598213a6fa1f76049066ac	common/srs/ip_cidr.go	39	39	2	0
3f7f7eb3c09df48671598213a6fa1f76049066ac	daemon/instance.go	1	1	1	0
3f7f7eb3c09df48671598213a6fa1f76049066ac	docs/configuration/inbound/tun.md	17	17	12	2
3f7f7eb3c09df48671598213a6fa1f76049066ac	docs/configuration/inbound/tun.zh.md	16	16	9	2
3f7f7eb3c09df48671598213a6fa1f76049066ac	experimental/boxdd/platform_linux.go	6	6	0	0
3f7f7eb3c09df48671598213a6fa1f76049066ac	experimental/boxdd/platform_windows.go	6	6	0	0
3f7f7eb3c09df48671598213a6fa1f76049066ac	experimental/libbox/config.go	6	6	0	0
3f7f7eb3c09df48671598213a6fa1f76049066ac	experimental/libbox/platform.go	12	12	0	0
3f7f7eb3c09df48671598213a6fa1f76049066ac	experimental/libbox/redirect.go	116	115	0	0
3f7f7eb3c09df48671598213a6fa1f76049066ac	experimental/libbox/redirect_linux.go	134	134	0	0
3f7f7eb3c09df48671598213a6fa1f76049066ac	experimental/libbox/redirect_stub.go	6	6	0	0
3f7f7eb3c09df48671598213a6fa1f76049066ac	experimental/libbox/service.go	67	67	0	0
3f7f7eb3c09df48671598213a6fa1f76049066ac	go.mod	1	0	1	0
3f7f7eb3c09df48671598213a6fa1f76049066ac	go.sum	2	0	2	0
3f7f7eb3c09df48671598213a6fa1f76049066ac	option/tun.go	1	1	0	0
3f7f7eb3c09df48671598213a6fa1f76049066ac	protocol/tun/inbound.go	125	84	93	24
3f7f7eb3c09df48671598213a6fa1f76049066ac	protocol/tun/redirect_platform_linux.go	86	86	0	0
3f7f7eb3c09df48671598213a6fa1f76049066ac	protocol/tun/redirect_platform_other.go	9	9	0	0
457105107907928cdc89d208f52cf5ffebe21a1d	go.mod	2	1	2	0
457105107907928cdc89d208f52cf5ffebe21a1d	go.sum	4	0	4	0
457105107907928cdc89d208f52cf5ffebe21a1d	protocol/anytls/client_metadata.go	0	0	57	0
457105107907928cdc89d208f52cf5ffebe21a1d	protocol/anytls/inbound.go	11	10	8	0
457105107907928cdc89d208f52cf5ffebe21a1d	protocol/anytls/outbound.go	15	15	36	8
e7399fd9814709887532845b66ae7ea8fe5d7fbc	common/ipset/set.go	135	135	0	0
e7399fd9814709887532845b66ae7ea8fe5d7fbc	common/srs/binary.go	86	75	46	13
e7399fd9814709887532845b66ae7ea8fe5d7fbc	common/srs/compat_test.go	7	7	9	1
e7399fd9814709887532845b66ae7ea8fe5d7fbc	common/srs/ip_set.go	62	62	35	2
e7399fd9814709887532845b66ae7ea8fe5d7fbc	common/srs/mmap.go	378	378	0	0
e7399fd9814709887532845b66ae7ea8fe5d7fbc	common/srs/mmap_stub.go	9	9	0	0
e7399fd9814709887532845b66ae7ea8fe5d7fbc	common/srs/mmap_test.go	72	70	0	0
e7399fd9814709887532845b66ae7ea8fe5d7fbc	common/srs/mmap_unix.go	16	16	0	0
e7399fd9814709887532845b66ae7ea8fe5d7fbc	option/rule_set.go	3	3	3	0
e7399fd9814709887532845b66ae7ea8fe5d7fbc	route/rule/rule_item_cidr.go	4	4	3	1
e7399fd9814709887532845b66ae7ea8fe5d7fbc	route/rule/rule_set.go	1	1	1	0
e7399fd9814709887532845b66ae7ea8fe5d7fbc	route/rule/rule_set_local.go	1	1	1	0
e7399fd9814709887532845b66ae7ea8fe5d7fbc	route/rule/rule_set_mmap_ios.go	39	39	0	0
e7399fd9814709887532845b66ae7ea8fe5d7fbc	route/rule/rule_set_mmap_stub.go	10	10	0	0
e7399fd9814709887532845b66ae7ea8fe5d7fbc	route/rule/rule_set_remote.go	1	1	1	0
e7399fd9814709887532845b66ae7ea8fe5d7fbc	route/rule/rule_set_update_validation_test.go	7	7	2	0
c7fe73c25710b8440746ccc60c2db12b0bfb13c7	adapter/experimental.go	1	1	0	0
c7fe73c25710b8440746ccc60c2db12b0bfb13c7	constant/timeout.go	14	10	15	0
c7fe73c25710b8440746ccc60c2db12b0bfb13c7	dns/transport/fakeip/store.go	1	1	4	2
c7fe73c25710b8440746ccc60c2db12b0bfb13c7	docs/configuration/experimental/cache-file.md	17	17	1	0
c7fe73c25710b8440746ccc60c2db12b0bfb13c7	docs/configuration/experimental/cache-file.zh.md	17	17	1	0
c7fe73c25710b8440746ccc60c2db12b0bfb13c7	docs/schema.json	26	26	3	2
c7fe73c25710b8440746ccc60c2db12b0bfb13c7	experimental/cachefile/cache.go	73	73	57	2
c7fe73c25710b8440746ccc60c2db12b0bfb13c7	experimental/cachefile/dns_cache.go	44	44	89	28
c7fe73c25710b8440746ccc60c2db12b0bfb13c7	experimental/cachefile/fakeip.go	95	88	89	40
c7fe73c25710b8440746ccc60c2db12b0bfb13c7	experimental/cachefile/pending.go	141	141	0	0
c7fe73c25710b8440746ccc60c2db12b0bfb13c7	experimental/cachefile/rdrc.go	28	28	67	23
c7fe73c25710b8440746ccc60c2db12b0bfb13c7	option/experimental.go	15	15	8	0
c7fe73c25710b8440746ccc60c2db12b0bfb13c7	service/oomkiller/service.go	1	0	1	0
c7fe73c25710b8440746ccc60c2db12b0bfb13c7	service/oomkiller/timer.go	11	10	3	2
c7fe73c25710b8440746ccc60c2db12b0bfb13c7	service/oomkiller/timer_darwin.go	1	1	3	0
efe4db93324bdf8dcff7c803ac1325870254bd74	go.mod	1	0	1	0
efe4db93324bdf8dcff7c803ac1325870254bd74	go.sum	2	0	2	0
efe4db93324bdf8dcff7c803ac1325870254bd74	protocol/anytls/outbound.go	11	10	1	0
17e950e74cc0e376a897cbaec570c8be922c5155	adapter/endpoint.go	5	5	0	0
17e950e74cc0e376a897cbaec570c8be922c5155	common/urltest/urltest.go	2	0	0	0
17e950e74cc0e376a897cbaec570c8be922c5155	docs/configuration/endpoint/openconnect.md	6	6	0	0
17e950e74cc0e376a897cbaec570c8be922c5155	docs/configuration/endpoint/openconnect.zh.md	6	6	0	0
17e950e74cc0e376a897cbaec570c8be922c5155	docs/configuration/endpoint/openvpn-client.md	6	6	0	0
17e950e74cc0e376a897cbaec570c8be922c5155	docs/configuration/endpoint/openvpn-client.zh.md	6	6	0	0
17e950e74cc0e376a897cbaec570c8be922c5155	docs/configuration/endpoint/tailscale.md	6	6	0	0
17e950e74cc0e376a897cbaec570c8be922c5155	docs/configuration/endpoint/tailscale.zh.md	6	6	0	0
17e950e74cc0e376a897cbaec570c8be922c5155	docs/configuration/endpoint/wireguard.md	6	6	0	0
17e950e74cc0e376a897cbaec570c8be922c5155	docs/configuration/endpoint/wireguard.zh.md	6	6	0	0
17e950e74cc0e376a897cbaec570c8be922c5155	docs/schema.json	12	12	0	0
17e950e74cc0e376a897cbaec570c8be922c5155	go.mod	3	2	3	0
17e950e74cc0e376a897cbaec570c8be922c5155	go.sum	6	4	6	0
17e950e74cc0e376a897cbaec570c8be922c5155	option/openconnect.go	1	1	0	0
17e950e74cc0e376a897cbaec570c8be922c5155	option/openvpn.go	1	1	0	0
17e950e74cc0e376a897cbaec570c8be922c5155	option/tailscale.go	1	1	0	0
17e950e74cc0e376a897cbaec570c8be922c5155	option/wireguard.go	1	1	0	0
17e950e74cc0e376a897cbaec570c8be922c5155	protocol/anytls/outbound.go	4	4	1	0
17e950e74cc0e376a897cbaec570c8be922c5155	protocol/openconnect/client.go	55	54	4	2
17e950e74cc0e376a897cbaec570c8be922c5155	protocol/openvpn/client.go	55	54	4	2
17e950e74cc0e376a897cbaec570c8be922c5155	protocol/tailscale/endpoint.go	143	143	0	0
17e950e74cc0e376a897cbaec570c8be922c5155	protocol/tailscale/port.go	1	1	0	0
17e950e74cc0e376a897cbaec570c8be922c5155	protocol/wireguard/endpoint.go	9	9	0	0
17e950e74cc0e376a897cbaec570c8be922c5155	route/reference.go	62	58	8	1
17e950e74cc0e376a897cbaec570c8be922c5155	transport/wireguard/endpoint.go	70	66	10	0
17e950e74cc0e376a897cbaec570c8be922c5155	transport/wireguard/port.go	2	2	1	0
f3e721980c6947825f359fea050cdfa60d71f28e	adapter/platform.go	5	5	5	0
f3e721980c6947825f359fea050cdfa60d71f28e	common/dialer/default.go	2	2	2	0
f3e721980c6947825f359fea050cdfa60d71f28e	common/process/searcher_darwin_shared.go	33	33	22	0
f3e721980c6947825f359fea050cdfa60d71f28e	common/process/searcher_linux.go	2	1	2	0
f3e721980c6947825f359fea050cdfa60d71f28e	common/process/searcher_windows.go	34	33	4	0
f3e721980c6947825f359fea050cdfa60d71f28e	daemon/started_service.go	4	4	2	0
f3e721980c6947825f359fea050cdfa60d71f28e	experimental/clashapi/connections.go	4	4	4	0
f3e721980c6947825f359fea050cdfa60d71f28e	experimental/libbox/connection_owner_darwin.go	5	5	2	0
f3e721980c6947825f359fea050cdfa60d71f28e	experimental/libbox/oom_report.go	4	4	4	0
f3e721980c6947825f359fea050cdfa60d71f28e	experimental/libbox/platform.go	7	7	0	0
f3e721980c6947825f359fea050cdfa60d71f28e	experimental/libbox/service.go	8	8	4	0
f3e721980c6947825f359fea050cdfa60d71f28e	route/process_cache.go	7	7	6	0
f3e721980c6947825f359fea050cdfa60d71f28e	route/rule/rule_item_package_name.go	2	2	2	0
f3e721980c6947825f359fea050cdfa60d71f28e	route/rule/rule_item_package_name_regex.go	2	2	2	0
f3e721980c6947825f359fea050cdfa60d71f28e	route/rule/rule_item_process_name.go	5	5	2	0
f3e721980c6947825f359fea050cdfa60d71f28e	route/rule/rule_item_process_path.go	3	3	6	3
f3e721980c6947825f359fea050cdfa60d71f28e	route/rule/rule_item_process_path_regex.go	3	3	2	0
f3e721980c6947825f359fea050cdfa60d71f28e	service/powerreport/record.go	1	1	1	0
f3e721980c6947825f359fea050cdfa60d71f28e	service/resolved/resolve1.go	6	6	6	0
a4d994a0b0c9cf8370d6952df8d317d3597c9d0b	common/process/searcher_linux.go	15	15	14	0
a4d994a0b0c9cf8370d6952df8d317d3597c9d0b	common/process/socket_diag_linux_test.go	2	2	2	0
fd26ea8578f99e97111434c69b503059e2bc9847	route/reference.go	0	0	5	1
7632cdab9aae389003898dc7fd6ababed8c31a03	adapter/network.go	1	1	0	0
7632cdab9aae389003898dc7fd6ababed8c31a03	common/dialer/default.go	15	15	12	0
7632cdab9aae389003898dc7fd6ababed8c31a03	common/listener/listener_udp.go	1	1	0	0
7632cdab9aae389003898dc7fd6ababed8c31a03	common/listener/socket_buffer_bsd.go	15	15	0	0
7632cdab9aae389003898dc7fd6ababed8c31a03	common/listener/socket_buffer_other.go	8	8	0	0
7632cdab9aae389003898dc7fd6ababed8c31a03	constant/network.go	1	1	0	0
7632cdab9aae389003898dc7fd6ababed8c31a03	docs/configuration/inbound/tun.md	16	16	3	2
7632cdab9aae389003898dc7fd6ababed8c31a03	docs/configuration/inbound/tun.zh.md	15	15	3	2
7632cdab9aae389003898dc7fd6ababed8c31a03	docs/deprecated.md	6	6	0	0
7632cdab9aae389003898dc7fd6ababed8c31a03	docs/deprecated.zh.md	5	5	0	0
7632cdab9aae389003898dc7fd6ababed8c31a03	docs/manual/misc/tunnelvision.md	3	3	2	0
7632cdab9aae389003898dc7fd6ababed8c31a03	docs/manual/proxy/client.md	2	2	4	0
7632cdab9aae389003898dc7fd6ababed8c31a03	docs/migration.md	29	29	0	0
7632cdab9aae389003898dc7fd6ababed8c31a03	docs/migration.zh.md	28	28	0	0
7632cdab9aae389003898dc7fd6ababed8c31a03	docs/schema.json	2	2	7	4
7632cdab9aae389003898dc7fd6ababed8c31a03	experimental/deprecated/constants.go	9	9	0	0
7632cdab9aae389003898dc7fd6ababed8c31a03	experimental/libbox/setup.go	1	0	1	0
7632cdab9aae389003898dc7fd6ababed8c31a03	option/tun.go	2	2	1	0
7632cdab9aae389003898dc7fd6ababed8c31a03	protocol/tun/inbound.go	29	29	4	0
7632cdab9aae389003898dc7fd6ababed8c31a03	route/conn.go	114	114	27	6
7632cdab9aae389003898dc7fd6ababed8c31a03	route/network.go	9	8	0	0
7632cdab9aae389003898dc7fd6ababed8c31a03	route/route.go	2	2	2	0
7632cdab9aae389003898dc7fd6ababed8c31a03	route/splice.go	304	211	0	0
7632cdab9aae389003898dc7fd6ababed8c31a03	service/oomkiller/promote.go	3	3	3	0
7632cdab9aae389003898dc7fd6ababed8c31a03	service/oomkiller/recorder.go	1	1	1	0
7632cdab9aae389003898dc7fd6ababed8c31a03	service/oomkiller/service.go	12	12	3	0
7632cdab9aae389003898dc7fd6ababed8c31a03	service/oomkiller/timer.go	86	84	13	2
5f404b8c6f5cad1b8305d140d1b53d7d01352010	.golangci.yml	0	0	1	0
5f404b8c6f5cad1b8305d140d1b53d7d01352010	cmd/internal/build_libbox/main.go	1	0	1	0
5f404b8c6f5cad1b8305d140d1b53d7d01352010	docs/configuration/outbound/wireguard.md	0	0	1	0
5f404b8c6f5cad1b8305d140d1b53d7d01352010	docs/configuration/outbound/wireguard.zh.md	0	0	1	0
5f404b8c6f5cad1b8305d140d1b53d7d01352010	docs/installation/build-from-source.md	1	1	1	0
5f404b8c6f5cad1b8305d140d1b53d7d01352010	docs/installation/build-from-source.zh.md	1	1	1	0
5f404b8c6f5cad1b8305d140d1b53d7d01352010	experimental/libbox/ffi.json	0	0	257	0
5f404b8c6f5cad1b8305d140d1b53d7d01352010	go.mod	3	2	3	0
5f404b8c6f5cad1b8305d140d1b53d7d01352010	go.sum	4	2	4	0
5f404b8c6f5cad1b8305d140d1b53d7d01352010	include/openconnect_stub.go	0	0	3	1
5f404b8c6f5cad1b8305d140d1b53d7d01352010	include/openvpn_stub.go	0	0	6	2
5f404b8c6f5cad1b8305d140d1b53d7d01352010	protocol/openconnect/client.go	12	6	10	4
5f404b8c6f5cad1b8305d140d1b53d7d01352010	protocol/openvpn/client.go	12	6	10	4
5f404b8c6f5cad1b8305d140d1b53d7d01352010	protocol/openvpn/server.go	12	6	9	4
5f404b8c6f5cad1b8305d140d1b53d7d01352010	protocol/tailscale/certificate.go	1	1	1	0
5f404b8c6f5cad1b8305d140d1b53d7d01352010	protocol/tailscale/certificate_provider.go	1	1	1	0
5f404b8c6f5cad1b8305d140d1b53d7d01352010	protocol/tailscale/dns_transport.go	1	1	1	0
5f404b8c6f5cad1b8305d140d1b53d7d01352010	protocol/tailscale/endpoint.go	32	32	136	32
5f404b8c6f5cad1b8305d140d1b53d7d01352010	protocol/tailscale/hostinfo_tvos.go	1	1	1	0
5f404b8c6f5cad1b8305d140d1b53d7d01352010	protocol/tailscale/ping.go	1	1	1	0
5f404b8c6f5cad1b8305d140d1b53d7d01352010	protocol/tailscale/port.go	1	1	1	0
5f404b8c6f5cad1b8305d140d1b53d7d01352010	protocol/tailscale/status.go	1	1	1	0
5f404b8c6f5cad1b8305d140d1b53d7d01352010	protocol/tailscale/taildrop.go	1	1	1	0
5f404b8c6f5cad1b8305d140d1b53d7d01352010	protocol/tailscale/taildrop_send.go	1	1	1	0
5f404b8c6f5cad1b8305d140d1b53d7d01352010	protocol/tailscale/tailssh/recording.go	1	1	1	0
5f404b8c6f5cad1b8305d140d1b53d7d01352010	protocol/tailscale/tailssh/server.go	1	1	1	0
5f404b8c6f5cad1b8305d140d1b53d7d01352010	protocol/tailscale/tailssh/server_helper_unix.go	1	1	1	0
5f404b8c6f5cad1b8305d140d1b53d7d01352010	protocol/tailscale/tailssh/server_helper_windows.go	1	1	1	0
5f404b8c6f5cad1b8305d140d1b53d7d01352010	protocol/tailscale/tailssh/session.go	1	1	1	0
5f404b8c6f5cad1b8305d140d1b53d7d01352010	protocol/tailscale/tailssh/session_android.go	1	1	1	0
5f404b8c6f5cad1b8305d140d1b53d7d01352010	protocol/tailscale/tailssh/session_ios.go	1	1	1	0
5f404b8c6f5cad1b8305d140d1b53d7d01352010	protocol/tailscale/tailssh/session_platform.go	1	1	1	0
5f404b8c6f5cad1b8305d140d1b53d7d01352010	protocol/tailscale/tailssh/session_unix.go	1	1	1	0
5f404b8c6f5cad1b8305d140d1b53d7d01352010	protocol/tailscale/tailssh/session_windows.go	1	1	1	0
5f404b8c6f5cad1b8305d140d1b53d7d01352010	protocol/tailscale/tailssh/user.go	1	1	1	0
5f404b8c6f5cad1b8305d140d1b53d7d01352010	protocol/tailscale/tailssh/user_android.go	1	1	1	0
5f404b8c6f5cad1b8305d140d1b53d7d01352010	protocol/tailscale/tailssh/user_unix.go	1	1	1	0
5f404b8c6f5cad1b8305d140d1b53d7d01352010	protocol/tailscale/tailssh/user_windows.go	1	1	1	0
5f404b8c6f5cad1b8305d140d1b53d7d01352010	protocol/tailscale/tun_device_unix.go	1	1	1	0
5f404b8c6f5cad1b8305d140d1b53d7d01352010	protocol/tailscale/tun_device_windows.go	1	1	1	0
5f404b8c6f5cad1b8305d140d1b53d7d01352010	protocol/wireguard/endpoint.go	5	5	1	0
5f404b8c6f5cad1b8305d140d1b53d7d01352010	release/DEFAULT_BUILD_TAGS	1	0	1	0
5f404b8c6f5cad1b8305d140d1b53d7d01352010	release/DEFAULT_BUILD_TAGS_OTHERS	1	0	1	0
5f404b8c6f5cad1b8305d140d1b53d7d01352010	release/DEFAULT_BUILD_TAGS_WINDOWS	1	0	1	0
5f404b8c6f5cad1b8305d140d1b53d7d01352010	service/derp/service.go	1	1	1	0
5f404b8c6f5cad1b8305d140d1b53d7d01352010	service/oomkiller/service.go	7	7	0	0
5f404b8c6f5cad1b8305d140d1b53d7d01352010	test/endpoint_udp_nat_test.go	10	10	6	1
5f404b8c6f5cad1b8305d140d1b53d7d01352010	test/go.mod	49	4	49	0
5f404b8c6f5cad1b8305d140d1b53d7d01352010	test/go.sum	90	8	96	0
5f404b8c6f5cad1b8305d140d1b53d7d01352010	test/openconnect_test.go	7	7	0	0
5f404b8c6f5cad1b8305d140d1b53d7d01352010	test/wireguard_test.go	156	156	0	0
5f404b8c6f5cad1b8305d140d1b53d7d01352010	transport/openconnect/device.go	30	0	17	0
5f404b8c6f5cad1b8305d140d1b53d7d01352010	transport/openconnect/device_stack.go	59	0	253	0
5f404b8c6f5cad1b8305d140d1b53d7d01352010	transport/openconnect/device_stack_stub.go	0	0	9	0
5f404b8c6f5cad1b8305d140d1b53d7d01352010	transport/openconnect/device_system_stack.go	1	0	6	0
5f404b8c6f5cad1b8305d140d1b53d7d01352010	transport/openvpn/device.go	30	0	17	0
5f404b8c6f5cad1b8305d140d1b53d7d01352010	transport/openvpn/device_stack.go	57	0	259	0
5f404b8c6f5cad1b8305d140d1b53d7d01352010	transport/openvpn/device_stack_stub.go	0	0	9	0
5f404b8c6f5cad1b8305d140d1b53d7d01352010	transport/openvpn/device_system_stack.go	1	0	6	0
5f404b8c6f5cad1b8305d140d1b53d7d01352010	transport/wireguard/device.go	24	24	5	1
5f404b8c6f5cad1b8305d140d1b53d7d01352010	transport/wireguard/device_stack.go	57	44	221	54
5f404b8c6f5cad1b8305d140d1b53d7d01352010	transport/wireguard/device_stack_gonet.go	0	0	68	0
5f404b8c6f5cad1b8305d140d1b53d7d01352010	transport/wireguard/device_stack_stub.go	0	0	9	0
5f404b8c6f5cad1b8305d140d1b53d7d01352010	transport/wireguard/device_system.go	1	1	16	6
5f404b8c6f5cad1b8305d140d1b53d7d01352010	transport/wireguard/device_system_stack.go	68	43	176	51
5f404b8c6f5cad1b8305d140d1b53d7d01352010	transport/wireguard/endpoint.go	16	16	11	6
10dabb8d12714b822bf4cc1692dc854faa878531	adapter/router.go	4	4	8	1
10dabb8d12714b822bf4cc1692dc854faa878531	cmd/sing-box/cmd_generate_tailcat.go	36	36	0	0
10dabb8d12714b822bf4cc1692dc854faa878531	constant/proxy.go	3	3	0	0
10dabb8d12714b822bf4cc1692dc854faa878531	docs/configuration/inbound/index.md	1	1	0	0
10dabb8d12714b822bf4cc1692dc854faa878531	docs/configuration/inbound/index.zh.md	1	1	0	0
10dabb8d12714b822bf4cc1692dc854faa878531	docs/configuration/inbound/tailcat.md	61	61	0	0
10dabb8d12714b822bf4cc1692dc854faa878531	docs/configuration/inbound/tailcat.zh.md	59	59	0	0
10dabb8d12714b822bf4cc1692dc854faa878531	docs/configuration/outbound/index.md	1	1	0	0
10dabb8d12714b822bf4cc1692dc854faa878531	docs/configuration/outbound/index.zh.md	1	1	0	0
10dabb8d12714b822bf4cc1692dc854faa878531	docs/configuration/outbound/tailcat.md	50	50	0	0
10dabb8d12714b822bf4cc1692dc854faa878531	docs/configuration/outbound/tailcat.zh.md	50	50	0	0
10dabb8d12714b822bf4cc1692dc854faa878531	docs/configuration/service/derp.md	8	8	0	0
10dabb8d12714b822bf4cc1692dc854faa878531	docs/configuration/service/derp.zh.md	8	8	0	0
10dabb8d12714b822bf4cc1692dc854faa878531	docs/schema.json	384	384	0	0
10dabb8d12714b822bf4cc1692dc854faa878531	go.mod	2	1	2	0
10dabb8d12714b822bf4cc1692dc854faa878531	go.sum	2	0	2	0
10dabb8d12714b822bf4cc1692dc854faa878531	include/registry.go	2	2	0	0
10dabb8d12714b822bf4cc1692dc854faa878531	include/tailscale.go	8	8	0	0
10dabb8d12714b822bf4cc1692dc854faa878531	include/tailscale_stub.go	12	12	0	0
10dabb8d12714b822bf4cc1692dc854faa878531	mkdocs.yml	2	2	0	0
10dabb8d12714b822bf4cc1692dc854faa878531	option/tailcat.go	63	63	0	0
10dabb8d12714b822bf4cc1692dc854faa878531	option/tailscale.go	2	2	0	0
10dabb8d12714b822bf4cc1692dc854faa878531	protocol/openconnect/endpoint.go	1	1	1	0
10dabb8d12714b822bf4cc1692dc854faa878531	protocol/openvpn/endpoint.go	1	1	1	0
10dabb8d12714b822bf4cc1692dc854faa878531	protocol/tailscale/endpoint.go	5	5	98	39
10dabb8d12714b822bf4cc1692dc854faa878531	protocol/tailscale/port.go	1	1	1	0
10dabb8d12714b822bf4cc1692dc854faa878531	protocol/tailscale/system_binding.go	102	102	0	0
10dabb8d12714b822bf4cc1692dc854faa878531	protocol/tailscale/tailcat_derp.go	160	158	0	0
10dabb8d12714b822bf4cc1692dc854faa878531	protocol/tailscale/tailcat_disco.go	83	83	0	0
10dabb8d12714b822bf4cc1692dc854faa878531	protocol/tailscale/tailcat_inbound.go	229	229	0	0
10dabb8d12714b822bf4cc1692dc854faa878531	protocol/tailscale/tailcat_key.go	63	63	0	0
10dabb8d12714b822bf4cc1692dc854faa878531	protocol/tailscale/tailcat_node.go	600	600	0	0
10dabb8d12714b822bf4cc1692dc854faa878531	protocol/tailscale/tailcat_outbound.go	394	394	0	0
10dabb8d12714b822bf4cc1692dc854faa878531	protocol/tun/inbound.go	1	1	1	0
10dabb8d12714b822bf4cc1692dc854faa878531	protocol/wireguard/endpoint.go	1	1	1	0
10dabb8d12714b822bf4cc1692dc854faa878531	service/derp/service.go	38	38	0	0
10dabb8d12714b822bf4cc1692dc854faa878531	test/go.mod	4	2	5	0
10dabb8d12714b822bf4cc1692dc854faa878531	test/go.sum	6	2	4	0
10dabb8d12714b822bf4cc1692dc854faa878531	test/tailcat_test.go	276	276	0	0
9ba85a15fe6ba82f2a35f3be261ce688fb7a5c8c	test/go.mod	1	0	1	0
38b7a586b56862bdc91838a3b8940a55600aed5a	common/process/searcher_windows.go	1	1	1	0
d0698c55a8c937077f6bb514df7f5c620000497d	docs/schema.json	216	216	204	204
d0698c55a8c937077f6bb514df7f5c620000497d	option/rule.go	2	0	2	0
d0698c55a8c937077f6bb514df7f5c620000497d	option/rule_dns.go	2	0	2	0
d0698c55a8c937077f6bb514df7f5c620000497d	option/rule_set.go	2	0	2	0
d0698c55a8c937077f6bb514df7f5c620000497d	schema/generator.go	33	23	14	9
d0698c55a8c937077f6bb514df7f5c620000497d	schema/schema.go	29	29	0	0
8feb0ec263e5bdccacc6665d9869978fb053933a	common/sniff/dns.go	63	63	19	6
6f6d43b12a33da8715d4c21993ae0068abe70807	protocol/tun/inbound.go	3	3	0	0
1a6b6615c6e54df38409df6d2538ea93d139753c	common/badhttp/badhttp.go	29	28	0	0
1a6b6615c6e54df38409df6d2538ea93d139753c	common/httpclient/http3_transport.go	19	19	15	15
1a6b6615c6e54df38409df6d2538ea93d139753c	common/sniff/http.go	2	1	2	0
1a6b6615c6e54df38409df6d2538ea93d139753c	dns/transport/https.go	2	2	2	0
1a6b6615c6e54df38409df6d2538ea93d139753c	dns/transport/quic/http3.go	2	2	2	0
1a6b6615c6e54df38409df6d2538ea93d139753c	docs/configuration/inbound/http.md	17	17	1	0
1a6b6615c6e54df38409df6d2538ea93d139753c	docs/configuration/inbound/http.zh.md	18	18	2	1
1a6b6615c6e54df38409df6d2538ea93d139753c	docs/configuration/outbound/http.md	21	21	0	0
1a6b6615c6e54df38409df6d2538ea93d139753c	docs/configuration/outbound/http.zh.md	21	21	0	0
1a6b6615c6e54df38409df6d2538ea93d139753c	docs/schema.json	109	109	0	0
1a6b6615c6e54df38409df6d2538ea93d139753c	include/quic.go	1	0	0	0
1a6b6615c6e54df38409df6d2538ea93d139753c	option/http.go	51	51	17	1
1a6b6615c6e54df38409df6d2538ea93d139753c	option/simple.go	74	73	3	0
1a6b6615c6e54df38409df6d2538ea93d139753c	protocol/http/inbound.go	77	46	19	3
1a6b6615c6e54df38409df6d2538ea93d139753c	protocol/http/outbound.go	90	60	16	2
1a6b6615c6e54df38409df6d2538ea93d139753c	protocol/http/quic/inbound_init.go	104	0	0	0
1a6b6615c6e54df38409df6d2538ea93d139753c	protocol/hysteria2/realm.go	2	2	2	0
1a6b6615c6e54df38409df6d2538ea93d139753c	protocol/mixed/inbound.go	31	28	18	9
1a6b6615c6e54df38409df6d2538ea93d139753c	protocol/naive/inbound.go	3	2	3	0
1a6b6615c6e54df38409df6d2538ea93d139753c	service/ssmapi/api.go	2	2	2	0
1a6b6615c6e54df38409df6d2538ea93d139753c	test/clash_test.go	4	4	3	2
1a6b6615c6e54df38409df6d2538ea93d139753c	test/go.mod	3	0	3	0
1a6b6615c6e54df38409df6d2538ea93d139753c	test/go.sum	4	0	4	0
1a6b6615c6e54df38409df6d2538ea93d139753c	test/http_forward_test.go	504	504	0	0
1a6b6615c6e54df38409df6d2538ea93d139753c	test/http_h2_test.go	597	597	0	0
1a6b6615c6e54df38409df6d2538ea93d139753c	test/http_h3_test.go	354	354	0	0
1a6b6615c6e54df38409df6d2538ea93d139753c	test/http_json_test.go	52	52	0	0
1a6b6615c6e54df38409df6d2538ea93d139753c	test/http_udp_test.go	354	331	0	0
1a6b6615c6e54df38409df6d2538ea93d139753c	test/wrapper_test.go	2	2	2	0
1a6b6615c6e54df38409df6d2538ea93d139753c	transport/http/capsule.go	361	333	0	0
1a6b6615c6e54df38409df6d2538ea93d139753c	transport/http/client.go	370	327	0	0
1a6b6615c6e54df38409df6d2538ea93d139753c	transport/http/client_h2.go	118	103	0	0
1a6b6615c6e54df38409df6d2538ea93d139753c	transport/http/client_h3.go	299	237	0	0
1a6b6615c6e54df38409df6d2538ea93d139753c	transport/http/connect_udp.go	167	111	0	0
1a6b6615c6e54df38409df6d2538ea93d139753c	transport/http/extended_connect.go	10	0	0	0
1a6b6615c6e54df38409df6d2538ea93d139753c	transport/http/forward.go	230	228	0	0
1a6b6615c6e54df38409df6d2538ea93d139753c	transport/http/header.go	72	72	0	0
1a6b6615c6e54df38409df6d2538ea93d139753c	transport/http/reader.go	55	53	0	0
1a6b6615c6e54df38409df6d2538ea93d139753c	transport/http/server.go	113	101	0	0
1a6b6615c6e54df38409df6d2538ea93d139753c	transport/http/server_conn.go	160	138	0	0
1a6b6615c6e54df38409df6d2538ea93d139753c	transport/http/server_h2.go	259	241	0	0
1a6b6615c6e54df38409df6d2538ea93d139753c	transport/http/stream_conn.go	88	88	0	0
1a6b6615c6e54df38409df6d2538ea93d139753c	transport/v2raygrpclite/server.go	2	2	2	0
1a6b6615c6e54df38409df6d2538ea93d139753c	transport/v2rayhttp/client.go	2	2	2	0
1a6b6615c6e54df38409df6d2538ea93d139753c	transport/v2rayhttp/server.go	2	2	2	0
1a6b6615c6e54df38409df6d2538ea93d139753c	transport/v2rayhttpupgrade/client.go	2	2	2	0
1a6b6615c6e54df38409df6d2538ea93d139753c	transport/v2rayhttpupgrade/server.go	2	2	2	0
1a6b6615c6e54df38409df6d2538ea93d139753c	transport/v2raywebsocket/client.go	2	2	2	0
1a6b6615c6e54df38409df6d2538ea93d139753c	transport/v2raywebsocket/server.go	2	2	2	0
46a897c5d123f1668e9aee53849e3562ca28f78b	adapter/fakeip.go	0	0	1	0
46a897c5d123f1668e9aee53849e3562ca28f78b	dns/transport/fakeip/memory.go	0	0	2	1
46a897c5d123f1668e9aee53849e3562ca28f78b	dns/transport/fakeip/store.go	40	40	24	10
46a897c5d123f1668e9aee53849e3562ca28f78b	experimental/cachefile/fakeip.go	12	12	17	7
e2a8d9c85e5acbc25dc1d34e8419d86e9c956665	constant/proxy.go	6	6	0	0
e2a8d9c85e5acbc25dc1d34e8419d86e9c956665	docs/configuration/endpoint/index.md	2	2	0	0
e2a8d9c85e5acbc25dc1d34e8419d86e9c956665	docs/configuration/endpoint/index.zh.md	2	2	0	0
e2a8d9c85e5acbc25dc1d34e8419d86e9c956665	docs/configuration/endpoint/masque-client.md	83	80	0	0
e2a8d9c85e5acbc25dc1d34e8419d86e9c956665	docs/configuration/endpoint/masque-client.zh.md	83	80	0	0
e2a8d9c85e5acbc25dc1d34e8419d86e9c956665	docs/configuration/endpoint/masque-server.md	73	72	0	0
e2a8d9c85e5acbc25dc1d34e8419d86e9c956665	docs/configuration/endpoint/masque-server.zh.md	73	72	0	0
e2a8d9c85e5acbc25dc1d34e8419d86e9c956665	docs/schema.json	427	427	0	0
e2a8d9c85e5acbc25dc1d34e8419d86e9c956665	include/quic.go	0	0	1	0
e2a8d9c85e5acbc25dc1d34e8419d86e9c956665	include/registry.go	2	2	0	0
e2a8d9c85e5acbc25dc1d34e8419d86e9c956665	mkdocs.yml	2	2	0	0
e2a8d9c85e5acbc25dc1d34e8419d86e9c956665	option/masque.go	106	97	0	0
e2a8d9c85e5acbc25dc1d34e8419d86e9c956665	protocol/http/inbound.go	3	2	21	5
e2a8d9c85e5acbc25dc1d34e8419d86e9c956665	protocol/http/outbound.go	2	2	47	16
e2a8d9c85e5acbc25dc1d34e8419d86e9c956665	protocol/http/quic/inbound_init.go	5	0	7	0
e2a8d9c85e5acbc25dc1d34e8419d86e9c956665	protocol/masque/client.go	344	324	0	0
e2a8d9c85e5acbc25dc1d34e8419d86e9c956665	protocol/masque/endpoint.go	111	97	0	0
e2a8d9c85e5acbc25dc1d34e8419d86e9c956665	protocol/masque/server.go	299	289	0	0
e2a8d9c85e5acbc25dc1d34e8419d86e9c956665	protocol/openconnect/client.go	14	13	11	0
e2a8d9c85e5acbc25dc1d34e8419d86e9c956665	protocol/openvpn/client.go	18	11	11	2
e2a8d9c85e5acbc25dc1d34e8419d86e9c956665	protocol/openvpn/server.go	14	13	12	0
e2a8d9c85e5acbc25dc1d34e8419d86e9c956665	protocol/tailscale/port.go	1	1	1	0
e2a8d9c85e5acbc25dc1d34e8419d86e9c956665	test/endpoint_udp_nat_test.go	24	24	77	34
e2a8d9c85e5acbc25dc1d34e8419d86e9c956665	test/masque_test.go	271	271	0	0
e2a8d9c85e5acbc25dc1d34e8419d86e9c956665	transport/http/capsule.go	36	36	26	0
e2a8d9c85e5acbc25dc1d34e8419d86e9c956665	transport/http/client.go	90	89	71	30
e2a8d9c85e5acbc25dc1d34e8419d86e9c956665	transport/http/client_h2.go	1	1	10	3
e2a8d9c85e5acbc25dc1d34e8419d86e9c956665	transport/http/client_h3.go	13	13	19	5
e2a8d9c85e5acbc25dc1d34e8419d86e9c956665	transport/http/connect_udp.go	3	2	75	22
e2a8d9c85e5acbc25dc1d34e8419d86e9c956665	transport/http/forward.go	2	2	2	0
e2a8d9c85e5acbc25dc1d34e8419d86e9c956665	transport/http/server.go	31	22	3	1
e2a8d9c85e5acbc25dc1d34e8419d86e9c956665	transport/http/server_conn.go	28	25	21	1
e2a8d9c85e5acbc25dc1d34e8419d86e9c956665	transport/http/server_h2.go	28	25	17	8
e2a8d9c85e5acbc25dc1d34e8419d86e9c956665	transport/http/tunnel_client.go	161	150	0	0
e2a8d9c85e5acbc25dc1d34e8419d86e9c956665	transport/http/tunnel_server.go	142	142	0	0
e2a8d9c85e5acbc25dc1d34e8419d86e9c956665	transport/masque/capsule.go	151	149	0	0
e2a8d9c85e5acbc25dc1d34e8419d86e9c956665	transport/masque/client.go	447	428	0	0
e2a8d9c85e5acbc25dc1d34e8419d86e9c956665	transport/masque/icmp.go	53	53	0	0
e2a8d9c85e5acbc25dc1d34e8419d86e9c956665	transport/masque/pool.go	56	56	0	0
e2a8d9c85e5acbc25dc1d34e8419d86e9c956665	transport/masque/server.go	411	383	0	0
e2a8d9c85e5acbc25dc1d34e8419d86e9c956665	transport/masque/session.go	234	185	0	0
e2a8d9c85e5acbc25dc1d34e8419d86e9c956665	transport/masque/template.go	227	226	0	0
e2a8d9c85e5acbc25dc1d34e8419d86e9c956665	transport/openconnect/configuration.go	36	32	0	0
e2a8d9c85e5acbc25dc1d34e8419d86e9c956665	transport/openconnect/device.go	0	0	199	0
e2a8d9c85e5acbc25dc1d34e8419d86e9c956665	transport/openconnect/device_stack.go	11	0	10	0
e2a8d9c85e5acbc25dc1d34e8419d86e9c956665	transport/openconnect/device_system.go	0	0	336	0
e2a8d9c85e5acbc25dc1d34e8419d86e9c956665	transport/openconnect/device_system_stack.go	2	0	2	0
e2a8d9c85e5acbc25dc1d34e8419d86e9c956665	transport/openvpn/configuration.go	32	28	0	0
e2a8d9c85e5acbc25dc1d34e8419d86e9c956665	transport/openvpn/device.go	14	0	44	0
e2a8d9c85e5acbc25dc1d34e8419d86e9c956665	transport/openvpn/device_stack.go	0	0	141	0
e2a8d9c85e5acbc25dc1d34e8419d86e9c956665	transport/openvpn/device_system.go	9	0	11	0
e2a8d9c85e5acbc25dc1d34e8419d86e9c956665	transport/openvpn/device_system_stack.go	0	0	105	0
e2a8d9c85e5acbc25dc1d34e8419d86e9c956665	transport/wireguard/port.go	1	1	1	0
1b226006e64d3056865dc56f2dae5fd6682cfd01	common/httpclient/apple_transport_darwin.go	71	71	40	5
1b226006e64d3056865dc56f2dae5fd6682cfd01	common/httpclient/apple_transport_darwin.h	7	7	3	0
1b226006e64d3056865dc56f2dae5fd6682cfd01	common/httpclient/apple_transport_darwin.m	9	9	3	0
1b226006e64d3056865dc56f2dae5fd6682cfd01	common/httpclient/apple_transport_darwin_test.go	70	70	21	0
1b226006e64d3056865dc56f2dae5fd6682cfd01	common/tls/apple_client_platform.go	2	2	2	0
1b226006e64d3056865dc56f2dae5fd6682cfd01	common/tls/pinned_certificate_test.go	163	163	0	0
1b226006e64d3056865dc56f2dae5fd6682cfd01	common/tls/std_client.go	20	20	13	2
1b226006e64d3056865dc56f2dae5fd6682cfd01	common/tls/std_server.go	8	8	3	0
1b226006e64d3056865dc56f2dae5fd6682cfd01	common/tls/system_client.go	2	2	2	0
1b226006e64d3056865dc56f2dae5fd6682cfd01	common/tls/system_client_engine.go	4	4	1	0
1b226006e64d3056865dc56f2dae5fd6682cfd01	common/tls/utls_client.go	3	3	3	0
1b226006e64d3056865dc56f2dae5fd6682cfd01	common/tls/windows_client.go	2	2	2	0
1b226006e64d3056865dc56f2dae5fd6682cfd01	common/tls/windows_client_test.go	34	34	0	0
1b226006e64d3056865dc56f2dae5fd6682cfd01	docs/configuration/shared/http-client.md	1	1	0	0
1b226006e64d3056865dc56f2dae5fd6682cfd01	docs/configuration/shared/http-client.zh.md	1	1	0	0
1b226006e64d3056865dc56f2dae5fd6682cfd01	docs/configuration/shared/tls.md	24	24	1	0
1b226006e64d3056865dc56f2dae5fd6682cfd01	docs/configuration/shared/tls.zh.md	24	24	1	0
1b226006e64d3056865dc56f2dae5fd6682cfd01	docs/schema.json	74	74	0	0
1b226006e64d3056865dc56f2dae5fd6682cfd01	option/tls.go	2	2	0	0
41ef639b548f07a9a1c91dd81ad208eb7e3618c4	adapter/experimental.go	2	2	1	0
41ef639b548f07a9a1c91dd81ad208eb7e3618c4	adapter/inbound.go	1	1	0	0
41ef639b548f07a9a1c91dd81ad208eb7e3618c4	box.go	1	1	1	0
41ef639b548f07a9a1c91dd81ad208eb7e3618c4	common/dialer/default.go	2	2	21	5
41ef639b548f07a9a1c91dd81ad208eb7e3618c4	common/interrupt/group.go	10	10	0	0
41ef639b548f07a9a1c91dd81ad208eb7e3618c4	common/trafficcontrol/manager.go	1	1	3	0
41ef639b548f07a9a1c91dd81ad208eb7e3618c4	common/trafficcontrol/tracker.go	7	7	28	7
41ef639b548f07a9a1c91dd81ad208eb7e3618c4	daemon/started_service.go	7	4	4	0
41ef639b548f07a9a1c91dd81ad208eb7e3618c4	experimental/clashapi/proxies.go	8	7	4	0
41ef639b548f07a9a1c91dd81ad208eb7e3618c4	protocol/group/selector.go	19	17	40	13
41ef639b548f07a9a1c91dd81ad208eb7e3618c4	protocol/group/urltest.go	21	12	22	4
41ef639b548f07a9a1c91dd81ad208eb7e3618c4	route/flow_tracker.go	40	40	0	0
41ef639b548f07a9a1c91dd81ad208eb7e3618c4	route/route.go	71	66	45	19
9a0ff4167579d640aeb23bd398ad0688e3617d7b	test/http_udp_test.go	0	0	34	11
9a0ff4167579d640aeb23bd398ad0688e3617d7b	transport/http/client.go	1	1	0	0
9a0ff4167579d640aeb23bd398ad0688e3617d7b	transport/http/client_h2.go	5	5	9	1
9a0ff4167579d640aeb23bd398ad0688e3617d7b	transport/http/client_h2_legacy.go	26	26	0	0
9a0ff4167579d640aeb23bd398ad0688e3617d7b	transport/http/client_h2_wrap.go	37	37	0	0
9a0ff4167579d640aeb23bd398ad0688e3617d7b	transport/http/extended_connect.go	2	0	0	0
9a0ff4167579d640aeb23bd398ad0688e3617d7b	transport/http/extended_connect_wrap_badlinkname.go	12	12	0	0
9a0ff4167579d640aeb23bd398ad0688e3617d7b	transport/http/extended_connect_wrap_stub.go	3	3	0	0
9a0ff4167579d640aeb23bd398ad0688e3617d7b	transport/http/tunnel_client.go	4	3	1	0
9a0ff4167579d640aeb23bd398ad0688e3617d7b	transport/v2rayhttp/force_close_go127.go	1	1	1	0
9a0ff4167579d640aeb23bd398ad0688e3617d7b	transport/v2rayhttp/force_close_go127_stub.go	1	1	1	0
9a0ff4167579d640aeb23bd398ad0688e3617d7b	transport/v2rayhttp/force_close_legacy.go	1	1	1	0
7f7c7ae11a38a37545d73f2ee1ad08d8653f7a91	go.mod	1	0	1	0
7f7c7ae11a38a37545d73f2ee1ad08d8653f7a91	go.sum	2	0	2	0
e8d26b0f75e9c99ce22db683e57f36bec8e6ba92	adapter/network.go	2	2	0	0
e8d26b0f75e9c99ce22db683e57f36bec8e6ba92	docs/configuration/outbound/bridge.md	2	2	2	0
e8d26b0f75e9c99ce22db683e57f36bec8e6ba92	docs/configuration/outbound/bridge.zh.md	2	2	2	0
e8d26b0f75e9c99ce22db683e57f36bec8e6ba92	experimental/libbox/redirect.go	3	3	0	0
e8d26b0f75e9c99ce22db683e57f36bec8e6ba92	protocol/bridge/backend_linux.go	49	49	97	51
e8d26b0f75e9c99ce22db683e57f36bec8e6ba92	protocol/bridge/netfilter_linux.go	143	143	21	5
e8d26b0f75e9c99ce22db683e57f36bec8e6ba92	protocol/bridge/service_linux.go	23	23	65	21
e8d26b0f75e9c99ce22db683e57f36bec8e6ba92	protocol/tun/inbound.go	1	1	0	0
e8d26b0f75e9c99ce22db683e57f36bec8e6ba92	route/network.go	14	12	0	0
9ea7957983788d64e4e2497b85207eb420977684	cmd/internal/tun_bench/main.go	0	0	258	0
9ea7957983788d64e4e2497b85207eb420977684	cmd/sing-box/cmd_geoip_export.go	9	9	2	0
9ea7957983788d64e4e2497b85207eb420977684	common/srs/binary.go	9	9	15	2
9ea7957983788d64e4e2497b85207eb420977684	common/srs/mmap_test.go	7	7	2	0
9ea7957983788d64e4e2497b85207eb420977684	option/rule.go	2	2	2	0
9ea7957983788d64e4e2497b85207eb420977684	option/rule_dns.go	2	2	2	0
9ea7957983788d64e4e2497b85207eb420977684	option/rule_set.go	2	2	2	0
9ea7957983788d64e4e2497b85207eb420977684	route/rule/rule_item_cidr.go	12	12	19	2
9ea7957983788d64e4e2497b85207eb420977684	route/rule/rule_set_semantics_test.go	9	9	2	0
9ea7957983788d64e4e2497b85207eb420977684	schema/generator.go	8	8	13	3
530e3aed7aacb44a26c9d9926259fbb44ee77ed4	adapter/dns.go	5	5	0	0
530e3aed7aacb44a26c9d9926259fbb44ee77ed4	adapter/network.go	6	6	5	0
530e3aed7aacb44a26c9d9926259fbb44ee77ed4	dns/transport/dhcp/dhcp.go	38	34	6	3
530e3aed7aacb44a26c9d9926259fbb44ee77ed4	dns/transport/local/local.go	15	15	0	0
530e3aed7aacb44a26c9d9926259fbb44ee77ed4	dns/transport/local/local_resolved.go	2	2	0	0
530e3aed7aacb44a26c9d9926259fbb44ee77ed4	dns/transport/local/local_resolved_linux.go	12	12	3	0
530e3aed7aacb44a26c9d9926259fbb44ee77ed4	docs/configuration/dns/rule.md	35	35	0	0
530e3aed7aacb44a26c9d9926259fbb44ee77ed4	docs/configuration/dns/rule.zh.md	35	35	0	0
530e3aed7aacb44a26c9d9926259fbb44ee77ed4	docs/configuration/route/rule.md	35	35	0	0
530e3aed7aacb44a26c9d9926259fbb44ee77ed4	docs/configuration/route/rule.zh.md	35	35	0	0
530e3aed7aacb44a26c9d9926259fbb44ee77ed4	docs/schema.json	128	128	0	0
530e3aed7aacb44a26c9d9926259fbb44ee77ed4	experimental/libbox/dns.go	28	28	0	0
530e3aed7aacb44a26c9d9926259fbb44ee77ed4	experimental/libbox/platform.go	5	5	4	0
530e3aed7aacb44a26c9d9926259fbb44ee77ed4	experimental/libbox/service.go	3	3	2	0
530e3aed7aacb44a26c9d9926259fbb44ee77ed4	option/rule.go	2	2	0	0
530e3aed7aacb44a26c9d9926259fbb44ee77ed4	option/rule_dns.go	2	2	0	0
530e3aed7aacb44a26c9d9926259fbb44ee77ed4	protocol/openconnect/dns_transport.go	19	18	0	0
530e3aed7aacb44a26c9d9926259fbb44ee77ed4	protocol/openvpn/dns_transport.go	21	21	0	0
530e3aed7aacb44a26c9d9926259fbb44ee77ed4	protocol/tailscale/dns_transport.go	26	26	0	0
530e3aed7aacb44a26c9d9926259fbb44ee77ed4	route/rule/rule_default.go	10	10	0	0
530e3aed7aacb44a26c9d9926259fbb44ee77ed4	route/rule/rule_dns.go	10	10	0	0
530e3aed7aacb44a26c9d9926259fbb44ee77ed4	route/rule/rule_item_dns_search_domain.go	63	63	0	0
530e3aed7aacb44a26c9d9926259fbb44ee77ed4	route/rule/rule_item_dns_server_address.go	70	70	0	0
530e3aed7aacb44a26c9d9926259fbb44ee77ed4	service/resolved/transport.go	40	40	0	0
c6d5bafa3630a400f014f6f6067ece9f334d905f	protocol/masque/client.go	3	3	1	0
c6d5bafa3630a400f014f6f6067ece9f334d905f	protocol/openconnect/client.go	3	3	1	0
c6d5bafa3630a400f014f6f6067ece9f334d905f	protocol/openvpn/client.go	3	3	1	0
c6d5bafa3630a400f014f6f6067ece9f334d905f	protocol/tailscale/endpoint.go	9	9	3	3
c6d5bafa3630a400f014f6f6067ece9f334d905f	transport/wireguard/endpoint.go	1	1	1	0
7c4516a570c0056c39caa4bc807e2f5c11030284	docs/configuration/endpoint/masque-client.md	0	0	3	0
7c4516a570c0056c39caa4bc807e2f5c11030284	docs/configuration/endpoint/masque-client.zh.md	0	0	3	0
7c4516a570c0056c39caa4bc807e2f5c11030284	docs/configuration/endpoint/masque-server.md	0	0	1	0
7c4516a570c0056c39caa4bc807e2f5c11030284	docs/configuration/endpoint/masque-server.zh.md	0	0	1	0
1e157350b789095b13e742ce847b1e6ee04bcefc	go.mod	1	1	1	0
1e157350b789095b13e742ce847b1e6ee04bcefc	go.sum	2	2	2	0
1e157350b789095b13e742ce847b1e6ee04bcefc	protocol/bridge/backend_darwin.go	15	15	23	5
1e157350b789095b13e742ce847b1e6ee04bcefc	protocol/masque/client.go	4	4	1	0
1e157350b789095b13e742ce847b1e6ee04bcefc	protocol/masque/endpoint.go	14	14	14	0
1e157350b789095b13e742ce847b1e6ee04bcefc	protocol/masque/server.go	13	13	1	0
1e157350b789095b13e742ce847b1e6ee04bcefc	protocol/openconnect/client.go	15	0	14	13
1e157350b789095b13e742ce847b1e6ee04bcefc	protocol/openvpn/client.go	19	3	15	11
1e157350b789095b13e742ce847b1e6ee04bcefc	protocol/openvpn/server.go	39	19	30	17
1e157350b789095b13e742ce847b1e6ee04bcefc	test/go.mod	9	2	9	0
1e157350b789095b13e742ce847b1e6ee04bcefc	test/go.sum	14	2	14	0
1e157350b789095b13e742ce847b1e6ee04bcefc	transport/device/device.go	38	38	28	1
1e157350b789095b13e742ce847b1e6ee04bcefc	transport/device/stack.go	14	14	5	0
1e157350b789095b13e742ce847b1e6ee04bcefc	transport/device/system.go	31	31	24	4
1e157350b789095b13e742ce847b1e6ee04bcefc	transport/device/system_stack.go	4	4	0	0
1e157350b789095b13e742ce847b1e6ee04bcefc	transport/http/capsule.go	30	30	0	0
1e157350b789095b13e742ce847b1e6ee04bcefc	transport/masque/client.go	12	12	11	3
1e157350b789095b13e742ce847b1e6ee04bcefc	transport/masque/server.go	59	57	18	3
1e157350b789095b13e742ce847b1e6ee04bcefc	transport/masque/session.go	53	28	74	28
1e157350b789095b13e742ce847b1e6ee04bcefc	transport/openconnect/configuration.go	1	1	5	1
1e157350b789095b13e742ce847b1e6ee04bcefc	transport/openvpn/configuration.go	1	1	4	0
1e157350b789095b13e742ce847b1e6ee04bcefc	transport/wireguard/device.go	1	1	1	0
1e157350b789095b13e742ce847b1e6ee04bcefc	transport/wireguard/device_peer_router.go	110	110	0	0
1e157350b789095b13e742ce847b1e6ee04bcefc	transport/wireguard/device_stack.go	15	13	10	0
1e157350b789095b13e742ce847b1e6ee04bcefc	transport/wireguard/device_system.go	1	1	1	0
1e157350b789095b13e742ce847b1e6ee04bcefc	transport/wireguard/device_system_stack.go	13	13	34	7
1e157350b789095b13e742ce847b1e6ee04bcefc	transport/wireguard/endpoint.go	16	16	13	3
6ef3dbc61078ec4ab9a827c735f8a6d462c01fb9	.github/CRONET_GO_VERSION	1	1	1	0
6ef3dbc61078ec4ab9a827c735f8a6d462c01fb9	go.mod	31	31	31	0
6ef3dbc61078ec4ab9a827c735f8a6d462c01fb9	go.sum	62	0	62	0
5802f1f71990cc32f1d4b9aca0c123040aa22ec1	common/srs/binary.go	9	9	2	0
5802f1f71990cc32f1d4b9aca0c123040aa22ec1	go.mod	1	1	1	0
5802f1f71990cc32f1d4b9aca0c123040aa22ec1	go.sum	2	2	2	0
5802f1f71990cc32f1d4b9aca0c123040aa22ec1	protocol/tailscale/tailcat_derp.go	12	12	2	0
5802f1f71990cc32f1d4b9aca0c123040aa22ec1	transport/http/server_h2.go	2	2	2	0
a2b0923e0187369f18c6286459252ae6e636c8e2	.github/workflows/build.yml	0	0	1	0
df8e2edfd587cbf02e15094fd94c3e8187044fad	common/kernelports/pool.go	38	38	0	0
df8e2edfd587cbf02e15094fd94c3e8187044fad	common/kernelports/pool_darwin.go	14	14	0	0
df8e2edfd587cbf02e15094fd94c3e8187044fad	common/kernelports/pool_linux.go	26	26	0	0
df8e2edfd587cbf02e15094fd94c3e8187044fad	common/kernelports/pool_unix.go	77	77	0	0
df8e2edfd587cbf02e15094fd94c3e8187044fad	common/kernelports/pool_unix_other.go	5	5	0	0
df8e2edfd587cbf02e15094fd94c3e8187044fad	common/kernelports/pool_windows.go	110	110	0	0
df8e2edfd587cbf02e15094fd94c3e8187044fad	protocol/bridge/backend_windows.go	95	95	30	10
df8e2edfd587cbf02e15094fd94c3e8187044fad	protocol/bridge/outbound.go	2	2	5	1
df8e2edfd587cbf02e15094fd94c3e8187044fad	protocol/bridge/reservation_windows.go	0	0	65	0
df8e2edfd587cbf02e15094fd94c3e8187044fad	protocol/masque/client.go	3	3	0	0
df8e2edfd587cbf02e15094fd94c3e8187044fad	protocol/masque/server.go	3	3	0	0
df8e2edfd587cbf02e15094fd94c3e8187044fad	protocol/openconnect/client.go	3	3	0	0
df8e2edfd587cbf02e15094fd94c3e8187044fad	protocol/openvpn/client.go	3	3	0	0
df8e2edfd587cbf02e15094fd94c3e8187044fad	protocol/openvpn/server.go	3	3	0	0
df8e2edfd587cbf02e15094fd94c3e8187044fad	protocol/tailscale/port.go	6	6	0	0
df8e2edfd587cbf02e15094fd94c3e8187044fad	protocol/wireguard/endpoint.go	3	3	0	0
df8e2edfd587cbf02e15094fd94c3e8187044fad	route/route.go	1	1	1	0
df8e2edfd587cbf02e15094fd94c3e8187044fad	transport/device/device.go	1	1	0	0
df8e2edfd587cbf02e15094fd94c3e8187044fad	transport/device/stack.go	3	3	0	0
df8e2edfd587cbf02e15094fd94c3e8187044fad	transport/device/system.go	28	28	5	4
df8e2edfd587cbf02e15094fd94c3e8187044fad	transport/wireguard/device.go	1	1	0	0
df8e2edfd587cbf02e15094fd94c3e8187044fad	transport/wireguard/device_stack.go	3	3	0	0
df8e2edfd587cbf02e15094fd94c3e8187044fad	transport/wireguard/device_system.go	21	21	0	0
df8e2edfd587cbf02e15094fd94c3e8187044fad	transport/wireguard/port.go	3	3	0	0
69601481fd36a3a8a96e199c647132dab819184b	adapter/lifecycle.go	6	0	3	3
6afeff4c0f7123b5782f888812e96b8c82c7b699	docs/changelog.md	77	76	0	0
