.github/CRONET_GO_VERSION	IDENTICAL
.github/workflows/build.yml	ONLY_UPSTREAM
.golangci.yml	IDENTICAL
Makefile	DIFFERENT
adapter/certificate/manager.go	DIFFERENT
adapter/certificate_provider.go	IDENTICAL
adapter/dns.go	DIFFERENT
adapter/endpoint.go	IDENTICAL
adapter/endpoint/manager.go	DIFFERENT
adapter/experimental.go	DIFFERENT
adapter/fakeip.go	DIFFERENT
adapter/inbound.go	DIFFERENT
adapter/inbound/manager.go	DIFFERENT
adapter/lifecycle.go	DIFFERENT
adapter/lifecycle_legacy.go	NEITHER
adapter/network.go	DIFFERENT
adapter/outbound.go	DIFFERENT
adapter/outbound/manager.go	DIFFERENT
adapter/platform.go	IDENTICAL
adapter/router.go	DIFFERENT
adapter/service.go	IDENTICAL
adapter/service/manager.go	DIFFERENT
box.go	DIFFERENT
clients/android	NEITHER
clients/apple	NEITHER
clients/desktop	NEITHER
cmd/internal/build_libbox/main.go	DIFFERENT
cmd/internal/tun_bench/main.go	NEITHER
cmd/sing-box/cmd_generate_tailcat.go	IDENTICAL
cmd/sing-box/cmd_geoip_export.go	IDENTICAL
common/badhttp/badhttp.go	DIFFERENT
common/certificate/store.go	IDENTICAL
common/dialer/default.go	DIFFERENT
common/dialer/udp_conn.go	IDENTICAL
common/httpclient/apple_transport_darwin.go	IDENTICAL
common/httpclient/apple_transport_darwin.h	IDENTICAL
common/httpclient/apple_transport_darwin.m	IDENTICAL
common/httpclient/apple_transport_darwin_test.go	IDENTICAL
common/httpclient/http3_transport.go	DIFFERENT
common/httpclient/manager.go	DIFFERENT
common/interrupt/group.go	IDENTICAL
common/ipset/set.go	IDENTICAL
common/ja3/parser.go	IDENTICAL
common/kernelports/pool.go	IDENTICAL
common/kernelports/pool_darwin.go	IDENTICAL
common/kernelports/pool_linux.go	IDENTICAL
common/kernelports/pool_unix.go	IDENTICAL
common/kernelports/pool_unix_other.go	IDENTICAL
common/kernelports/pool_windows.go	IDENTICAL
common/listener/listener.go	IDENTICAL
common/listener/listener_udp.go	IDENTICAL
common/listener/socket_buffer_bsd.go	IDENTICAL
common/listener/socket_buffer_other.go	IDENTICAL
common/netns/manager_linux.go	IDENTICAL
common/netns/manager_stub.go	IDENTICAL
common/netns/manager_test.go	IDENTICAL
common/process/searcher_darwin_shared.go	IDENTICAL
common/process/searcher_linux.go	IDENTICAL
common/process/searcher_windows.go	IDENTICAL
common/process/socket_diag_linux_test.go	IDENTICAL
common/sniff/dns.go	IDENTICAL
common/sniff/http.go	DIFFERENT
common/sniff/quic.go	DIFFERENT
common/srs/binary.go	DIFFERENT
common/srs/compat_test.go	IDENTICAL
common/srs/ip_cidr.go	IDENTICAL
common/srs/ip_set.go	IDENTICAL
common/srs/mmap.go	IDENTICAL
common/srs/mmap_stub.go	IDENTICAL
common/srs/mmap_test.go	IDENTICAL
common/srs/mmap_unix.go	IDENTICAL
common/tls/acme.go	IDENTICAL
common/tls/apple_client_platform.go	IDENTICAL
common/tls/pinned_certificate_test.go	IDENTICAL
common/tls/std_client.go	IDENTICAL
common/tls/std_server.go	IDENTICAL
common/tls/system_client.go	IDENTICAL
common/tls/system_client_engine.go	IDENTICAL
common/tls/utls_client.go	DIFFERENT
common/tls/windows_client.go	IDENTICAL
common/tls/windows_client_test.go	IDENTICAL
common/trafficcontrol/manager.go	DIFFERENT
common/trafficcontrol/tracker.go	IDENTICAL
common/urltest/urltest.go	DIFFERENT
constant/network.go	IDENTICAL
constant/os_not_tvos.go	IDENTICAL
constant/os_tvos.go	IDENTICAL
constant/proxy.go	DIFFERENT
constant/timeout.go	DIFFERENT
daemon/instance.go	DIFFERENT
daemon/started_service.go	DIFFERENT
dns/router.go	DIFFERENT
dns/router_race_test.go	IDENTICAL
dns/transport/dhcp/dhcp.go	DIFFERENT
dns/transport/fakeip/fakeip.go	IDENTICAL
dns/transport/fakeip/memory.go	IDENTICAL
dns/transport/fakeip/store.go	DIFFERENT
dns/transport/hosts/hosts.go	IDENTICAL
dns/transport/https.go	IDENTICAL
dns/transport/local/local.go	IDENTICAL
dns/transport/local/local_resolved.go	IDENTICAL
dns/transport/local/local_resolved_linux.go	DIFFERENT
dns/transport/local/local_shared.go	IDENTICAL
dns/transport/local/systemconfig/source_darwin.go	DIFFERENT
dns/transport/mdns/mdns.go	IDENTICAL
dns/transport/multiplexer_test.go	DIFFERENT
dns/transport/quic/http3.go	DIFFERENT
dns/transport/quic/quic.go	DIFFERENT
dns/transport/tcp.go	DIFFERENT
dns/transport/tls.go	DIFFERENT
dns/transport/udp.go	IDENTICAL
dns/transport_manager.go	DIFFERENT
docs/changelog.md	DIFFERENT
docs/clients/apple/index.md	DIFFERENT
docs/configuration/dns/rule.md	IDENTICAL
docs/configuration/dns/rule.zh.md	IDENTICAL
docs/configuration/endpoint/index.md	IDENTICAL
docs/configuration/endpoint/index.zh.md	IDENTICAL
docs/configuration/endpoint/masque-client.md	IDENTICAL
docs/configuration/endpoint/masque-client.zh.md	IDENTICAL
docs/configuration/endpoint/masque-server.md	IDENTICAL
docs/configuration/endpoint/masque-server.zh.md	IDENTICAL
docs/configuration/endpoint/openconnect.md	IDENTICAL
docs/configuration/endpoint/openconnect.zh.md	IDENTICAL
docs/configuration/endpoint/openvpn-client.md	IDENTICAL
docs/configuration/endpoint/openvpn-client.zh.md	IDENTICAL
docs/configuration/endpoint/tailscale.md	IDENTICAL
docs/configuration/endpoint/tailscale.zh.md	IDENTICAL
docs/configuration/endpoint/wireguard.md	IDENTICAL
docs/configuration/endpoint/wireguard.zh.md	IDENTICAL
docs/configuration/experimental/cache-file.md	IDENTICAL
docs/configuration/experimental/cache-file.zh.md	IDENTICAL
docs/configuration/inbound/http.md	DIFFERENT
docs/configuration/inbound/http.zh.md	IDENTICAL
docs/configuration/inbound/index.md	IDENTICAL
docs/configuration/inbound/index.zh.md	IDENTICAL
docs/configuration/inbound/tailcat.md	IDENTICAL
docs/configuration/inbound/tailcat.zh.md	IDENTICAL
docs/configuration/inbound/tun.md	DIFFERENT
docs/configuration/inbound/tun.zh.md	DIFFERENT
docs/configuration/outbound/bridge.md	IDENTICAL
docs/configuration/outbound/bridge.zh.md	IDENTICAL
docs/configuration/outbound/http.md	IDENTICAL
docs/configuration/outbound/http.zh.md	IDENTICAL
docs/configuration/outbound/index.md	IDENTICAL
docs/configuration/outbound/index.zh.md	IDENTICAL
docs/configuration/outbound/tailcat.md	IDENTICAL
docs/configuration/outbound/tailcat.zh.md	IDENTICAL
docs/configuration/outbound/wireguard.md	IDENTICAL
docs/configuration/outbound/wireguard.zh.md	IDENTICAL
docs/configuration/route/rule.md	IDENTICAL
docs/configuration/route/rule.zh.md	IDENTICAL
docs/configuration/service/derp.md	IDENTICAL
docs/configuration/service/derp.zh.md	IDENTICAL
docs/configuration/shared/http-client.md	IDENTICAL
docs/configuration/shared/http-client.zh.md	IDENTICAL
docs/configuration/shared/tls.md	IDENTICAL
docs/configuration/shared/tls.zh.md	IDENTICAL
docs/deprecated.md	IDENTICAL
docs/deprecated.zh.md	IDENTICAL
docs/installation/build-from-source.md	DIFFERENT
docs/installation/build-from-source.zh.md	DIFFERENT
docs/manual/misc/tunnelvision.md	IDENTICAL
docs/manual/proxy/client.md	DIFFERENT
docs/migration.md	IDENTICAL
docs/migration.zh.md	IDENTICAL
docs/schema.json	DIFFERENT
experimental/boxdd/platform_linux.go	IDENTICAL
experimental/boxdd/platform_windows.go	IDENTICAL
experimental/cachefile/cache.go	IDENTICAL
experimental/cachefile/dns_cache.go	IDENTICAL
experimental/cachefile/fakeip.go	DIFFERENT
experimental/cachefile/pending.go	IDENTICAL
experimental/cachefile/rdrc.go	IDENTICAL
experimental/clashapi/connections.go	IDENTICAL
experimental/clashapi/proxies.go	DIFFERENT
experimental/clashapi/server.go	IDENTICAL
experimental/clashmode/manager.go	IDENTICAL
experimental/deprecated/constants.go	DIFFERENT
experimental/libbox/command_server.go	DIFFERENT
experimental/libbox/config.go	IDENTICAL
experimental/libbox/connection_owner_darwin.go	IDENTICAL
experimental/libbox/dns.go	IDENTICAL
experimental/libbox/ffi.json	NEITHER
experimental/libbox/http.go	IDENTICAL
experimental/libbox/monitor.go	DIFFERENT
experimental/libbox/oom_report.go	DIFFERENT
experimental/libbox/platform.go	DIFFERENT
experimental/libbox/redirect.go	DIFFERENT
experimental/libbox/redirect_linux.go	IDENTICAL
experimental/libbox/redirect_stub.go	IDENTICAL
experimental/libbox/service.go	DIFFERENT
experimental/libbox/setup.go	DIFFERENT
experimental/v2rayapi/server.go	IDENTICAL
go.mod	DIFFERENT
go.sum	DIFFERENT
include/openconnect_stub.go	IDENTICAL
include/openvpn_stub.go	IDENTICAL
include/quic.go	IDENTICAL
include/registry.go	DIFFERENT
include/tailscale.go	IDENTICAL
include/tailscale_stub.go	IDENTICAL
mkdocs.yml	IDENTICAL
option/acme.go	IDENTICAL
option/experimental.go	IDENTICAL
option/http.go	DIFFERENT
option/hysteria.go	IDENTICAL
option/hysteria2.go	IDENTICAL
option/masque.go	DIFFERENT
option/openconnect.go	IDENTICAL
option/openvpn.go	IDENTICAL
option/route.go	DIFFERENT
option/rule.go	IDENTICAL
option/rule_dns.go	IDENTICAL
option/rule_set.go	IDENTICAL
option/simple.go	DIFFERENT
option/ssh.go	IDENTICAL
option/tailcat.go	IDENTICAL
option/tailscale.go	IDENTICAL
option/tls.go	DIFFERENT
option/tun.go	IDENTICAL
option/types.go	IDENTICAL
option/wireguard.go	IDENTICAL
protocol/anytls/client_metadata.go	NEITHER
protocol/anytls/inbound.go	DIFFERENT
protocol/anytls/outbound.go	IDENTICAL
protocol/bridge/backend.go	DIFFERENT
protocol/bridge/backend_darwin.go	IDENTICAL
protocol/bridge/backend_linux.go	DIFFERENT
protocol/bridge/backend_windows.go	IDENTICAL
protocol/bridge/netfilter_linux.go	DIFFERENT
protocol/bridge/outbound.go	IDENTICAL
protocol/bridge/packet.go	IDENTICAL
protocol/bridge/reservation_windows.go	NEITHER
protocol/bridge/service_linux.go	IDENTICAL
protocol/cloudflare/inbound.go	IDENTICAL
protocol/direct/inbound.go	IDENTICAL
protocol/direct/outbound.go	DIFFERENT
protocol/group/selector.go	DIFFERENT
protocol/group/urltest.go	DIFFERENT
protocol/http/inbound.go	DIFFERENT
protocol/http/outbound.go	IDENTICAL
protocol/http/quic/inbound_init.go	NEITHER
protocol/hysteria/inbound.go	IDENTICAL
protocol/hysteria/outbound.go	IDENTICAL
protocol/hysteria2/inbound.go	IDENTICAL
protocol/hysteria2/outbound.go	IDENTICAL
protocol/hysteria2/realm.go	IDENTICAL
protocol/masque/client.go	DIFFERENT
protocol/masque/endpoint.go	DIFFERENT
protocol/masque/server.go	DIFFERENT
protocol/mixed/inbound.go	DIFFERENT
protocol/naive/inbound.go	DIFFERENT
protocol/naive/outbound.go	DIFFERENT
protocol/openconnect/client.go	DIFFERENT
protocol/openconnect/dns_transport.go	DIFFERENT
protocol/openconnect/endpoint.go	IDENTICAL
protocol/openconnect/status.go	IDENTICAL
protocol/openvpn/client.go	DIFFERENT
protocol/openvpn/dns_transport.go	DIFFERENT
protocol/openvpn/endpoint.go	IDENTICAL
protocol/openvpn/server.go	DIFFERENT
protocol/openvpn/status.go	IDENTICAL
protocol/redirect/redirect.go	IDENTICAL
protocol/redirect/tproxy.go	IDENTICAL
protocol/shadowsocks/inbound.go	IDENTICAL
protocol/shadowsocks/inbound_multi.go	IDENTICAL
protocol/shadowsocks/inbound_relay.go	IDENTICAL
protocol/shadowsocks/outbound.go	DIFFERENT
protocol/shadowtls/inbound.go	DIFFERENT
protocol/snell/inbound.go	IDENTICAL
protocol/snell/outbound.go	IDENTICAL
protocol/socks/inbound.go	DIFFERENT
protocol/ssh/outbound.go	DIFFERENT
protocol/tailscale/certificate.go	IDENTICAL
protocol/tailscale/certificate_provider.go	IDENTICAL
protocol/tailscale/dns_transport.go	DIFFERENT
protocol/tailscale/endpoint.go	DIFFERENT
protocol/tailscale/hostinfo_tvos.go	IDENTICAL
protocol/tailscale/ping.go	IDENTICAL
protocol/tailscale/port.go	IDENTICAL
protocol/tailscale/status.go	IDENTICAL
protocol/tailscale/system_binding.go	IDENTICAL
protocol/tailscale/tailcat_derp.go	IDENTICAL
protocol/tailscale/tailcat_disco.go	IDENTICAL
protocol/tailscale/tailcat_inbound.go	IDENTICAL
protocol/tailscale/tailcat_key.go	IDENTICAL
protocol/tailscale/tailcat_node.go	IDENTICAL
protocol/tailscale/tailcat_outbound.go	IDENTICAL
protocol/tailscale/taildrop.go	IDENTICAL
protocol/tailscale/taildrop_send.go	IDENTICAL
protocol/tailscale/tailssh/recording.go	IDENTICAL
protocol/tailscale/tailssh/server.go	DIFFERENT
protocol/tailscale/tailssh/server_helper_unix.go	IDENTICAL
protocol/tailscale/tailssh/server_helper_windows.go	IDENTICAL
protocol/tailscale/tailssh/session.go	IDENTICAL
protocol/tailscale/tailssh/session_android.go	IDENTICAL
protocol/tailscale/tailssh/session_ios.go	IDENTICAL
protocol/tailscale/tailssh/session_platform.go	IDENTICAL
protocol/tailscale/tailssh/session_unix.go	IDENTICAL
protocol/tailscale/tailssh/session_windows.go	IDENTICAL
protocol/tailscale/tailssh/user.go	IDENTICAL
protocol/tailscale/tailssh/user_android.go	IDENTICAL
protocol/tailscale/tailssh/user_unix.go	IDENTICAL
protocol/tailscale/tailssh/user_windows.go	IDENTICAL
protocol/tailscale/tun_device_unix.go	IDENTICAL
protocol/tailscale/tun_device_windows.go	IDENTICAL
protocol/tor/outbound.go	IDENTICAL
protocol/trojan/inbound.go	IDENTICAL
protocol/trojan/outbound.go	DIFFERENT
protocol/tuic/inbound.go	IDENTICAL
protocol/tuic/outbound.go	DIFFERENT
protocol/tun/inbound.go	DIFFERENT
protocol/tun/redirect_platform_linux.go	IDENTICAL
protocol/tun/redirect_platform_other.go	IDENTICAL
protocol/vless/inbound.go	IDENTICAL
protocol/vless/outbound.go	DIFFERENT
protocol/vmess/inbound.go	IDENTICAL
protocol/vmess/outbound.go	IDENTICAL
protocol/wireguard/endpoint.go	DIFFERENT
release/DEFAULT_BUILD_TAGS	DIFFERENT
release/DEFAULT_BUILD_TAGS_OTHERS	DIFFERENT
release/DEFAULT_BUILD_TAGS_WINDOWS	DIFFERENT
route/conn.go	DIFFERENT
route/flow_tracker.go	IDENTICAL
route/network.go	DIFFERENT
route/process_cache.go	DIFFERENT
route/reference.go	DIFFERENT
route/route.go	DIFFERENT
route/router.go	DIFFERENT
route/rule/rule_default.go	IDENTICAL
route/rule/rule_dns.go	IDENTICAL
route/rule/rule_item_cidr.go	IDENTICAL
route/rule/rule_item_dns_search_domain.go	IDENTICAL
route/rule/rule_item_dns_server_address.go	IDENTICAL
route/rule/rule_item_package_name.go	IDENTICAL
route/rule/rule_item_package_name_regex.go	IDENTICAL
route/rule/rule_item_process_name.go	IDENTICAL
route/rule/rule_item_process_path.go	IDENTICAL
route/rule/rule_item_process_path_regex.go	IDENTICAL
route/rule/rule_item_rule_set_test.go	DIFFERENT
route/rule/rule_set.go	IDENTICAL
route/rule/rule_set_local.go	IDENTICAL
route/rule/rule_set_mmap_ios.go	IDENTICAL
route/rule/rule_set_mmap_stub.go	IDENTICAL
route/rule/rule_set_remote.go	IDENTICAL
route/rule/rule_set_semantics_test.go	IDENTICAL
route/rule/rule_set_update_validation_test.go	IDENTICAL
route/splice.go	DIFFERENT
schema/generator.go	IDENTICAL
schema/schema.go	IDENTICAL
service/acme/service.go	IDENTICAL
service/api/dashboard.go	IDENTICAL
service/api/server.go	IDENTICAL
service/ccm/service.go	DIFFERENT
service/derp/service.go	DIFFERENT
service/ocm/service.go	DIFFERENT
service/oomkiller/promote.go	IDENTICAL
service/oomkiller/recorder.go	DIFFERENT
service/oomkiller/service.go	DIFFERENT
service/oomkiller/service_darwin.go	DIFFERENT
service/oomkiller/service_stub.go	IDENTICAL
service/oomkiller/timer.go	DIFFERENT
service/oomkiller/timer_darwin.go	DIFFERENT
service/origin_ca/service.go	IDENTICAL
service/powerreport/record.go	DIFFERENT
service/powerreport/recorder.go	DIFFERENT
service/resolved/resolve1.go	IDENTICAL
service/resolved/service.go	IDENTICAL
service/resolved/transport.go	IDENTICAL
service/ssmapi/api.go	IDENTICAL
service/ssmapi/server.go	DIFFERENT
service/usbip/client.go	IDENTICAL
service/usbip/server.go	IDENTICAL
test/clash_test.go	IDENTICAL
test/endpoint_udp_nat_test.go	IDENTICAL
test/go.mod	DIFFERENT
test/go.sum	DIFFERENT
test/http_forward_test.go	DIFFERENT
test/http_h2_test.go	IDENTICAL
test/http_h3_test.go	IDENTICAL
test/http_json_test.go	IDENTICAL
test/http_udp_test.go	IDENTICAL
test/masque_test.go	IDENTICAL
test/openconnect_test.go	IDENTICAL
test/tailcat_test.go	IDENTICAL
test/wireguard_test.go	IDENTICAL
test/wrapper_test.go	IDENTICAL
transport/device/device.go	IDENTICAL
transport/device/stack.go	IDENTICAL
transport/device/system.go	IDENTICAL
transport/device/system_stack.go	IDENTICAL
transport/http/capsule.go	DIFFERENT
transport/http/client.go	DIFFERENT
transport/http/client_h2.go	IDENTICAL
transport/http/client_h2_legacy.go	IDENTICAL
transport/http/client_h2_wrap.go	IDENTICAL
transport/http/client_h3.go	DIFFERENT
transport/http/connect_udp.go	DIFFERENT
transport/http/extended_connect.go	NEITHER
transport/http/extended_connect_wrap_badlinkname.go	IDENTICAL
transport/http/extended_connect_wrap_stub.go	IDENTICAL
transport/http/forward.go	IDENTICAL
transport/http/header.go	IDENTICAL
transport/http/reader.go	DIFFERENT
transport/http/server.go	DIFFERENT
transport/http/server_conn.go	DIFFERENT
transport/http/server_h2.go	DIFFERENT
transport/http/stream_conn.go	DIFFERENT
transport/http/tunnel_client.go	DIFFERENT
transport/http/tunnel_server.go	IDENTICAL
transport/masque/capsule.go	DIFFERENT
transport/masque/client.go	DIFFERENT
transport/masque/icmp.go	DIFFERENT
transport/masque/pool.go	IDENTICAL
transport/masque/server.go	DIFFERENT
transport/masque/session.go	DIFFERENT
transport/masque/template.go	DIFFERENT
transport/openconnect/configuration.go	IDENTICAL
transport/openconnect/device.go	NEITHER
transport/openconnect/device_stack.go	NEITHER
transport/openconnect/device_stack_stub.go	NEITHER
transport/openconnect/device_system.go	NEITHER
transport/openconnect/device_system_stack.go	NEITHER
transport/openvpn/configuration.go	IDENTICAL
transport/openvpn/device.go	NEITHER
transport/openvpn/device_stack.go	NEITHER
transport/openvpn/device_stack_stub.go	NEITHER
transport/openvpn/device_system.go	NEITHER
transport/openvpn/device_system_stack.go	NEITHER
transport/trojan/mux.go	IDENTICAL
transport/v2raygrpclite/conn.go	IDENTICAL
transport/v2raygrpclite/server.go	DIFFERENT
transport/v2rayhttp/client.go	IDENTICAL
transport/v2rayhttp/force_close_go127.go	IDENTICAL
transport/v2rayhttp/force_close_go127_stub.go	IDENTICAL
transport/v2rayhttp/force_close_legacy.go	IDENTICAL
transport/v2rayhttp/server.go	IDENTICAL
transport/v2rayhttpupgrade/client.go	IDENTICAL
transport/v2rayhttpupgrade/server.go	IDENTICAL
transport/v2raywebsocket/client.go	IDENTICAL
transport/v2raywebsocket/conn.go	IDENTICAL
transport/v2raywebsocket/server.go	IDENTICAL
transport/wireguard/device.go	IDENTICAL
transport/wireguard/device_peer_router.go	IDENTICAL
transport/wireguard/device_stack.go	DIFFERENT
transport/wireguard/device_stack_gonet.go	NEITHER
transport/wireguard/device_stack_stub.go	NEITHER
transport/wireguard/device_system.go	IDENTICAL
transport/wireguard/device_system_stack.go	IDENTICAL
transport/wireguard/endpoint.go	DIFFERENT
transport/wireguard/port.go	IDENTICAL
