02537831e188	protocol/bridge/backend.go	UNCLEAR-neither	11/12
02537831e188	protocol/bridge/backend_linux.go	UNCLEAR-neither	7/8
02537831e188	protocol/tun/inbound.go	UNCLEAR-neither	11/28
10dabb8d1271	adapter/router.go	UNCLEAR-neither	4/4
10dabb8d1271	constant/proxy.go	UNCLEAR-neither	3/3
10dabb8d1271	go.mod	UNCLEAR-neither	1/2
10dabb8d1271	go.sum	UNCLEAR-neither	0/2
10dabb8d1271	protocol/tailscale/tailcat_derp.go	UNCLEAR-neither	158/160
10dabb8d1271	protocol/tun/inbound.go	UNCLEAR-neither	1/1
10dabb8d1271	test/go.mod	UNCLEAR-neither	2/4
10dabb8d1271	test/go.sum	UNCLEAR-neither	2/6
17e950e74cc0	common/urltest/urltest.go	UNCLEAR-neither	0/2
17e950e74cc0	go.mod	UNCLEAR-neither	2/3
17e950e74cc0	go.sum	UNCLEAR-neither	4/6
17e950e74cc0	protocol/openconnect/client.go	UNCLEAR-neither	54/55
17e950e74cc0	protocol/openvpn/client.go	UNCLEAR-neither	54/55
17e950e74cc0	protocol/tailscale/endpoint.go	UNCLEAR-neither	143/143
17e950e74cc0	route/reference.go	UNCLEAR-neither	58/62
17e950e74cc0	transport/wireguard/endpoint.go	UNCLEAR-neither	66/70
194ebd18b64b	go.mod	UNCLEAR-neither	0/1
194ebd18b64b	go.sum	UNCLEAR-neither	0/2
1a6b6615c6e5	common/badhttp/badhttp.go	UNCLEAR-neither	28/29
1a6b6615c6e5	common/httpclient/http3_transport.go	UNCLEAR-neither	19/19
1a6b6615c6e5	common/sniff/http.go	UNCLEAR-neither	1/2
1a6b6615c6e5	docs/configuration/inbound/http.md	UNCLEAR-neither	17/17
1a6b6615c6e5	option/http.go	UNCLEAR-neither	51/51
1a6b6615c6e5	option/simple.go	UNCLEAR-neither	73/74
1a6b6615c6e5	protocol/http/inbound.go	UNCLEAR-neither	46/77
1a6b6615c6e5	protocol/http/outbound.go	UNCLEAR-neither	60/90
1a6b6615c6e5	protocol/mixed/inbound.go	UNCLEAR-neither	28/31
1a6b6615c6e5	protocol/naive/inbound.go	UNCLEAR-neither	2/3
1a6b6615c6e5	test/go.mod	UNCLEAR-neither	0/3
1a6b6615c6e5	test/go.sum	UNCLEAR-neither	0/4
1a6b6615c6e5	test/http_forward_test.go	UNCLEAR-neither	504/504
1a6b6615c6e5	test/http_udp_test.go	UNCLEAR-neither	331/354
1a6b6615c6e5	transport/http/capsule.go	UNCLEAR-neither	333/361
1a6b6615c6e5	transport/http/client.go	UNCLEAR-neither	327/370
1a6b6615c6e5	transport/http/client_h2.go	UNCLEAR-neither	103/118
1a6b6615c6e5	transport/http/client_h3.go	UNCLEAR-neither	237/299
1a6b6615c6e5	transport/http/connect_udp.go	UNCLEAR-neither	111/167
1a6b6615c6e5	transport/http/forward.go	UNCLEAR-neither	228/230
1a6b6615c6e5	transport/http/reader.go	UNCLEAR-neither	53/55
1a6b6615c6e5	transport/http/server.go	UNCLEAR-neither	101/113
1a6b6615c6e5	transport/http/server_conn.go	UNCLEAR-neither	138/160
1a6b6615c6e5	transport/http/server_h2.go	UNCLEAR-neither	241/259
1a6b6615c6e5	transport/http/stream_conn.go	UNCLEAR-neither	88/88
1a773a425a8e	.github/workflows/build.yml	UNCLEAR-neither	0/1
1b226006e64d	common/tls/windows_client_test.go	UNCLEAR-both	34/34
1e157350b789	protocol/openconnect/client.go	UNCLEAR-neither	0/15
1e157350b789	protocol/openvpn/client.go	UNCLEAR-neither	3/19
1e157350b789	protocol/openvpn/server.go	UNCLEAR-neither	19/39
1e157350b789	test/go.mod	UNCLEAR-neither	2/9
1e157350b789	test/go.sum	UNCLEAR-neither	2/14
1e157350b789	transport/device/device.go	UNCLEAR-neither	38/38
1e157350b789	transport/device/stack.go	UNCLEAR-neither	14/14
1e157350b789	transport/http/capsule.go	UNCLEAR-neither	30/30
1e157350b789	transport/masque/client.go	UNCLEAR-neither	12/12
1e157350b789	transport/masque/server.go	UNCLEAR-neither	57/59
1e157350b789	transport/masque/session.go	UNCLEAR-neither	28/53
1e157350b789	transport/wireguard/device.go	UNCLEAR-neither	1/1
1e157350b789	transport/wireguard/device_stack.go	UNCLEAR-neither	13/15
1e157350b789	transport/wireguard/device_system.go	UNCLEAR-neither	1/1
1e157350b789	transport/wireguard/endpoint.go	UNCLEAR-neither	16/16
3f7f7eb3c09d	docs/configuration/inbound/tun.md	UNCLEAR-neither	17/17
3f7f7eb3c09d	docs/configuration/inbound/tun.zh.md	UNCLEAR-neither	16/16
3f7f7eb3c09d	experimental/boxdd/platform_linux.go	UNCLEAR-both	6/6
3f7f7eb3c09d	experimental/boxdd/platform_windows.go	UNCLEAR-both	6/6
3f7f7eb3c09d	experimental/libbox/config.go	UNCLEAR-both	6/6
3f7f7eb3c09d	experimental/libbox/redirect.go	UNCLEAR-neither	115/116
3f7f7eb3c09d	go.mod	UNCLEAR-neither	0/1
3f7f7eb3c09d	go.sum	UNCLEAR-neither	0/2
3f7f7eb3c09d	protocol/tun/inbound.go	UNCLEAR-neither	84/125
41ef639b548f	adapter/inbound.go	UNCLEAR-neither	1/1
41ef639b548f	box.go	UNCLEAR-neither	1/1
41ef639b548f	common/dialer/default.go	UNCLEAR-neither	2/2
41ef639b548f	daemon/started_service.go	UNCLEAR-neither	4/7
41ef639b548f	experimental/clashapi/proxies.go	UNCLEAR-neither	7/8
41ef639b548f	protocol/group/selector.go	UNCLEAR-neither	17/19
41ef639b548f	protocol/group/urltest.go	UNCLEAR-neither	12/21
41ef639b548f	route/route.go	UNCLEAR-neither	66/71
457105107907	go.mod	UNCLEAR-neither	1/2
457105107907	go.sum	UNCLEAR-neither	0/4
457105107907	protocol/anytls/inbound.go	UNCLEAR-neither	10/11
46a897c5d123	adapter/fakeip.go	UNCLEAR-neither	0/0
46a897c5d123	dns/transport/fakeip/store.go	UNCLEAR-neither	40/40
46a897c5d123	experimental/cachefile/fakeip.go	UNCLEAR-neither	12/12
52f9bad034d2	go.mod	UNCLEAR-neither	4/10
52f9bad034d2	go.sum	UNCLEAR-neither	8/20
52f9bad034d2	protocol/naive/inbound.go	UNCLEAR-neither	4/14
52f9bad034d2	protocol/tailscale/dns_transport.go	UNCLEAR-neither	8/8
52f9bad034d2	transport/openconnect/device_system_stack.go	UNCLEAR-neither	0/6
52f9bad034d2	transport/openvpn/device_system_stack.go	UNCLEAR-neither	0/6
52f9bad034d2	transport/v2rayhttp/server.go	UNCLEAR-neither	8/8
52f9bad034d2	transport/v2rayhttpupgrade/server.go	UNCLEAR-neither	14/14
530e3aed7aac	dns/transport/dhcp/dhcp.go	UNCLEAR-neither	34/38
530e3aed7aac	dns/transport/local/local_resolved_linux.go	UNCLEAR-neither	12/12
530e3aed7aac	protocol/openconnect/dns_transport.go	UNCLEAR-neither	18/19
530e3aed7aac	protocol/openvpn/dns_transport.go	UNCLEAR-neither	21/21
530e3aed7aac	route/rule/rule_default.go	UNCLEAR-both	10/10
530e3aed7aac	route/rule/rule_dns.go	UNCLEAR-both	10/10
5802f1f71990	common/srs/binary.go	UNCLEAR-neither	9/9
5802f1f71990	go.sum	UNCLEAR-neither	2/2
5802f1f71990	transport/http/server_h2.go	UNCLEAR-neither	2/2
5f404b8c6f5c	cmd/internal/build_libbox/main.go	UNCLEAR-neither	0/1
5f404b8c6f5c	docs/installation/build-from-source.md	UNCLEAR-neither	1/1
5f404b8c6f5c	docs/installation/build-from-source.zh.md	UNCLEAR-neither	1/1
5f404b8c6f5c	go.mod	UNCLEAR-neither	2/3
5f404b8c6f5c	go.sum	UNCLEAR-neither	2/4
5f404b8c6f5c	protocol/openconnect/client.go	UNCLEAR-neither	6/12
5f404b8c6f5c	protocol/openvpn/client.go	UNCLEAR-neither	6/12
5f404b8c6f5c	protocol/openvpn/server.go	UNCLEAR-neither	6/12
5f404b8c6f5c	protocol/tailscale/endpoint.go	UNCLEAR-neither	32/32
5f404b8c6f5c	release/DEFAULT_BUILD_TAGS	UNCLEAR-neither	0/1
5f404b8c6f5c	release/DEFAULT_BUILD_TAGS_OTHERS	UNCLEAR-neither	0/1
5f404b8c6f5c	release/DEFAULT_BUILD_TAGS_WINDOWS	UNCLEAR-neither	0/1
5f404b8c6f5c	test/endpoint_udp_nat_test.go	UNCLEAR-neither	10/10
5f404b8c6f5c	test/go.mod	UNCLEAR-neither	4/49
5f404b8c6f5c	test/go.sum	UNCLEAR-neither	8/90
5f404b8c6f5c	transport/openconnect/device.go	UNCLEAR-neither	0/30
5f404b8c6f5c	transport/openconnect/device_stack.go	UNCLEAR-neither	0/59
5f404b8c6f5c	transport/openconnect/device_system_stack.go	UNCLEAR-neither	0/1
5f404b8c6f5c	transport/openvpn/device.go	UNCLEAR-neither	0/30
5f404b8c6f5c	transport/openvpn/device_stack.go	UNCLEAR-neither	0/57
5f404b8c6f5c	transport/openvpn/device_system_stack.go	UNCLEAR-neither	0/1
5f404b8c6f5c	transport/wireguard/device_stack.go	UNCLEAR-neither	44/57
5f404b8c6f5c	transport/wireguard/device_system_stack.go	UNCLEAR-neither	43/68
5f404b8c6f5c	transport/wireguard/endpoint.go	UNCLEAR-neither	16/16
67fb235ee802	.github/workflows/build.yml	UNCLEAR-neither	0/1
6afeff4c0f71	docs/changelog.md	UNCLEAR-neither	76/77
6e3c86f51816	experimental/libbox/command_server.go	UNCLEAR-neither	12/22
6e3c86f51816	service/powerreport/record.go	UNCLEAR-neither	2/2
6ef3dbc61078	go.sum	UNCLEAR-neither	0/62
7054cac51244	clients/android	UNCLEAR-both	0/1
7054cac51244	clients/apple	UNCLEAR-both	0/1
7054cac51244	clients/desktop	UNCLEAR-both	0/1
7054cac51244	docs/changelog.md	UNCLEAR-neither	1/2
7632cdab9aae	adapter/network.go	UNCLEAR-neither	1/1
7632cdab9aae	experimental/libbox/setup.go	UNCLEAR-neither	0/1
7632cdab9aae	route/conn.go	UNCLEAR-neither	114/114
7632cdab9aae	route/network.go	UNCLEAR-neither	8/9
7632cdab9aae	route/route.go	UNCLEAR-neither	2/2
7632cdab9aae	route/splice.go	UNCLEAR-neither	211/304
7632cdab9aae	service/oomkiller/service.go	UNCLEAR-neither	12/12
7632cdab9aae	service/oomkiller/timer.go	UNCLEAR-neither	84/86
78d44d52d959	go.mod	UNCLEAR-neither	0/1
78d44d52d959	go.sum	UNCLEAR-neither	0/2
7f7c7ae11a38	go.mod	UNCLEAR-neither	0/1
7f7c7ae11a38	go.sum	UNCLEAR-neither	0/2
80c11714105b	protocol/tailscale/tailssh/server.go	UNCLEAR-neither	21/23
9a0ff4167579	transport/http/tunnel_client.go	UNCLEAR-neither	3/4
9ba85a15fe6b	test/go.mod	UNCLEAR-neither	0/1
9da9678bae29	docs/schema.json	UNCLEAR-neither	114/114
9da9678bae29	option/tls.go	UNCLEAR-neither	48/48
a0d775ea6610	go.mod	UNCLEAR-neither	0/1
a0d775ea6610	go.sum	UNCLEAR-neither	0/2
a2b0923e0187	.github/workflows/build.yml	UNCLEAR-neither	0/0
a364ff4794f0	adapter/certificate/manager.go	UNCLEAR-neither	0/4
a364ff4794f0	adapter/endpoint.go	UNCLEAR-neither	0/0
a364ff4794f0	adapter/endpoint/manager.go	UNCLEAR-neither	0/4
a364ff4794f0	adapter/inbound/manager.go	UNCLEAR-neither	0/4
a364ff4794f0	adapter/outbound/manager.go	UNCLEAR-neither	2/8
a364ff4794f0	adapter/service/manager.go	UNCLEAR-neither	0/4
a364ff4794f0	box.go	UNCLEAR-neither	16/19
a364ff4794f0	common/tls/std_server.go	UNCLEAR-neither	0/1
a364ff4794f0	dns/transport_manager.go	UNCLEAR-neither	0/4
a364ff4794f0	protocol/group/urltest.go	UNCLEAR-neither	13/17
a691a4402375	adapter/certificate/manager.go	UNCLEAR-neither	4/4
a691a4402375	adapter/endpoint/manager.go	UNCLEAR-neither	9/9
a691a4402375	adapter/inbound/manager.go	UNCLEAR-neither	4/4
a691a4402375	adapter/service/manager.go	UNCLEAR-neither	4/4
a691a4402375	box.go	UNCLEAR-neither	92/93
a691a4402375	common/trafficcontrol/manager.go	UNCLEAR-neither	7/7
a691a4402375	dns/transport/dhcp/dhcp.go	UNCLEAR-neither	29/29
a691a4402375	dns/transport/local/local.go	UNCLEAR-neither	18/18
a691a4402375	dns/transport/local/local_resolved_linux.go	UNCLEAR-neither	36/39
a691a4402375	dns/transport/multiplexer_test.go	UNCLEAR-neither	11/12
a691a4402375	dns/transport_manager.go	UNCLEAR-neither	11/11
a691a4402375	experimental/cachefile/cache.go	UNCLEAR-neither	8/8
a691a4402375	go.mod	UNCLEAR-neither	1/1
a691a4402375	go.sum	UNCLEAR-neither	2/2
a691a4402375	protocol/anytls/inbound.go	UNCLEAR-neither	8/8
a691a4402375	protocol/anytls/outbound.go	UNCLEAR-neither	2/2
a691a4402375	protocol/bridge/backend.go	UNCLEAR-neither	12/12
a691a4402375	protocol/bridge/backend_darwin.go	UNCLEAR-neither	44/45
a691a4402375	protocol/bridge/backend_linux.go	UNCLEAR-neither	65/68
a691a4402375	protocol/bridge/backend_windows.go	UNCLEAR-neither	21/23
a691a4402375	protocol/group/urltest.go	UNCLEAR-neither	1/2
a691a4402375	protocol/http/inbound.go	UNCLEAR-neither	8/8
a691a4402375	protocol/naive/inbound.go	UNCLEAR-neither	5/5
a691a4402375	protocol/openconnect/client.go	UNCLEAR-neither	62/64
a691a4402375	protocol/openconnect/dns_transport.go	UNCLEAR-neither	39/40
a691a4402375	protocol/openvpn/client.go	UNCLEAR-neither	58/60
a691a4402375	protocol/openvpn/dns_transport.go	UNCLEAR-neither	50/50
a691a4402375	protocol/openvpn/server.go	UNCLEAR-neither	26/27
a691a4402375	protocol/tailscale/dns_transport.go	UNCLEAR-neither	49/49
a691a4402375	protocol/tailscale/endpoint.go	UNCLEAR-neither	45/59
a691a4402375	protocol/tun/inbound.go	UNCLEAR-neither	13/38
a691a4402375	protocol/wireguard/endpoint.go	UNCLEAR-neither	9/9
a691a4402375	route/conn.go	UNCLEAR-neither	8/8
a691a4402375	route/network.go	UNCLEAR-neither	21/25
a691a4402375	route/reference.go	UNCLEAR-neither	2/2
a691a4402375	route/router.go	UNCLEAR-neither	11/11
a691a4402375	route/rule/rule_item_rule_set_test.go	UNCLEAR-neither	1/1
a691a4402375	service/ccm/service.go	UNCLEAR-neither	15/16
a691a4402375	service/derp/service.go	UNCLEAR-neither	3/3
a691a4402375	service/ocm/service.go	UNCLEAR-neither	23/23
a691a4402375	service/oomkiller/service.go	UNCLEAR-neither	0/1
a691a4402375	service/oomkiller/service_darwin.go	UNCLEAR-neither	10/19
a691a4402375	service/ssmapi/server.go	UNCLEAR-neither	17/17
bff5acf292d8	go.mod	UNCLEAR-neither	1/3
bff5acf292d8	go.sum	UNCLEAR-neither	0/6
c7fe73c25710	constant/timeout.go	UNCLEAR-neither	10/14
c7fe73c25710	dns/transport/fakeip/store.go	UNCLEAR-neither	1/1
c7fe73c25710	experimental/cachefile/fakeip.go	UNCLEAR-neither	88/95
c7fe73c25710	service/oomkiller/service.go	UNCLEAR-neither	0/1
c7fe73c25710	service/oomkiller/timer.go	UNCLEAR-neither	10/11
c7fe73c25710	service/oomkiller/timer_darwin.go	UNCLEAR-neither	1/1
d0698c55a8c9	docs/schema.json	UNCLEAR-neither	216/216
d0698c55a8c9	option/rule.go	UNCLEAR-neither	0/2
d0698c55a8c9	option/rule_dns.go	UNCLEAR-neither	0/2
d0698c55a8c9	option/rule_set.go	UNCLEAR-neither	0/2
d0698c55a8c9	schema/generator.go	UNCLEAR-neither	23/33
e2a8d9c85e5a	docs/configuration/endpoint/masque-client.md	UNCLEAR-neither	80/83
e2a8d9c85e5a	docs/configuration/endpoint/masque-client.zh.md	UNCLEAR-neither	80/83
e2a8d9c85e5a	docs/configuration/endpoint/masque-server.md	UNCLEAR-neither	72/73
e2a8d9c85e5a	docs/configuration/endpoint/masque-server.zh.md	UNCLEAR-neither	72/73
e2a8d9c85e5a	option/masque.go	UNCLEAR-neither	97/106
e2a8d9c85e5a	protocol/http/inbound.go	UNCLEAR-neither	2/3
e2a8d9c85e5a	protocol/masque/client.go	UNCLEAR-neither	324/344
e2a8d9c85e5a	protocol/masque/endpoint.go	UNCLEAR-neither	97/111
e2a8d9c85e5a	protocol/masque/server.go	UNCLEAR-neither	289/299
e2a8d9c85e5a	protocol/openconnect/client.go	UNCLEAR-neither	13/14
e2a8d9c85e5a	protocol/openvpn/client.go	UNCLEAR-neither	11/18
e2a8d9c85e5a	protocol/openvpn/server.go	UNCLEAR-neither	13/14
e2a8d9c85e5a	transport/device/device.go	UNCLEAR-neither	0/0
e2a8d9c85e5a	transport/device/stack.go	UNCLEAR-neither	0/0
e2a8d9c85e5a	transport/device/system.go	UNCLEAR-neither	0/0
e2a8d9c85e5a	transport/device/system_stack.go	UNCLEAR-neither	0/0
e2a8d9c85e5a	transport/http/capsule.go	UNCLEAR-neither	36/36
e2a8d9c85e5a	transport/http/client.go	UNCLEAR-neither	89/90
e2a8d9c85e5a	transport/http/client_h2.go	UNCLEAR-neither	1/1
e2a8d9c85e5a	transport/http/client_h3.go	UNCLEAR-neither	13/13
e2a8d9c85e5a	transport/http/connect_udp.go	UNCLEAR-neither	2/3
e2a8d9c85e5a	transport/http/server.go	UNCLEAR-neither	22/31
e2a8d9c85e5a	transport/http/server_conn.go	UNCLEAR-neither	25/28
e2a8d9c85e5a	transport/http/server_h2.go	UNCLEAR-neither	25/28
e2a8d9c85e5a	transport/http/server_h3.go	UNCLEAR-neither	0/0
e2a8d9c85e5a	transport/http/tunnel_client.go	UNCLEAR-neither	150/161
e2a8d9c85e5a	transport/masque/capsule.go	UNCLEAR-neither	149/151
e2a8d9c85e5a	transport/masque/client.go	UNCLEAR-neither	428/447
e2a8d9c85e5a	transport/masque/icmp.go	UNCLEAR-neither	53/53
e2a8d9c85e5a	transport/masque/server.go	UNCLEAR-neither	383/411
e2a8d9c85e5a	transport/masque/session.go	UNCLEAR-neither	185/234
e2a8d9c85e5a	transport/masque/template.go	UNCLEAR-neither	226/227
e2a8d9c85e5a	transport/openconnect/configuration.go	UNCLEAR-neither	32/36
e2a8d9c85e5a	transport/openvpn/configuration.go	UNCLEAR-neither	28/32
e7399fd98147	common/srs/binary.go	UNCLEAR-neither	75/86
e7399fd98147	common/srs/mmap_test.go	UNCLEAR-neither	70/72
e7399fd98147	route/rule/rule_item_cidr.go	UNCLEAR-neither	4/4
e8d26b0f75e9	protocol/bridge/backend_linux.go	UNCLEAR-neither	49/49
e8d26b0f75e9	protocol/bridge/netfilter_linux.go	UNCLEAR-neither	143/143
e8d26b0f75e9	route/network.go	UNCLEAR-neither	12/14
efe4db93324b	go.mod	UNCLEAR-neither	0/1
efe4db93324b	go.sum	UNCLEAR-neither	0/2
efe4db93324b	protocol/anytls/outbound.go	UNCLEAR-neither	10/11
f3e721980c69	common/process/searcher_linux.go	UNCLEAR-neither	1/2
f3e721980c69	common/process/searcher_windows.go	UNCLEAR-neither	33/34
f95aa6ac11d0	go.mod	UNCLEAR-neither	0/6
f95aa6ac11d0	go.sum	UNCLEAR-neither	0/12
f9fcb8964f0b	service/ccm/service.go	UNCLEAR-neither	11/11
f9fcb8964f0b	service/ocm/service.go	UNCLEAR-neither	11/11
f9fcb8964f0b	service/ssmapi/server.go	UNCLEAR-neither	12/12
fd26ea8578f9	route/reference.go	UNCLEAR-neither	0/0
